ID	Description	GeneRatio	BgRatio	pvalue	p.adjust	qvalue	geneID	Count
KEGG_GRAFT_VERSUS_HOST_DISEASE	KEGG_GRAFT_VERSUS_HOST_DISEASE	25/268	41/11763	2.10481695515669e-31	2.13428439252888e-28	1.35816083527479e-28	CD28/FAS/FASLG/HLA-A/HLA-B/HLA-C/HLA-DPA1/HLA-DPB1/HLA-DQA1/HLA-DQB1/HLA-DRB1/HLA-DRB4/HLA-G/IFNG/IL1A/IL1B/IL2/IL6/KIR2DL1/KIR2DL2/KIR2DL3/KIR2DL5A/KIR3DL1/KIR3DL2/TNF	25
KEGG_CYTOKINE_CYTOKINE_RECEPTOR_INTERACTION	KEGG_CYTOKINE_CYTOKINE_RECEPTOR_INTERACTION	47/268	265/11763	6.30797600134764e-29	3.19814383268325e-26	2.0351522572769e-26	ACVR2A/ACVR2B/CCL2/CCR2/CCR5/CXCL12/CXCR2/EGF/FAS/FASLG/FLT1/FLT4/IFNG/IFNGR1/IFNGR2/IL10/IL12RB1/IL17A/IL1A/IL1B/IL1R1/IL2/IL22/IL22RA1/IL3/IL4/IL4R/IL5/IL5RA/IL6/IL6R/INHBB/KDR/LEP/LEPR/LTA/PDGFB/TGFB1/TGFBR1/TGFBR2/TNF/TNFRSF11A/TNFRSF11B/TNFSF11/TNFSF13B/VEGFA/VEGFC	47
KEGG_ANTIGEN_PROCESSING_AND_PRESENTATION	KEGG_ANTIGEN_PROCESSING_AND_PRESENTATION	28/268	88/11763	5.44486099034834e-25	1.84036301473774e-22	1.17112273231001e-22	HLA-A/HLA-B/HLA-C/HLA-DPA1/HLA-DPB1/HLA-DQA1/HLA-DQB1/HLA-DRB1/HLA-DRB4/HLA-G/HSPA1B/HSPA1L/KIR2DL1/KIR2DL2/KIR2DL3/KIR2DL4/KIR2DL5A/KIR2DS1/KIR2DS3/KIR2DS4/KIR2DS5/KIR3DL1/KIR3DL2/KIR3DL3/KLRC2/LTA/TAP1/TAP2	28
KEGG_ALLOGRAFT_REJECTION	KEGG_ALLOGRAFT_REJECTION	19/268	37/11763	4.03198733918833e-22	1.02210879048424e-19	6.50423220769065e-20	CD28/FAS/FASLG/HLA-A/HLA-B/HLA-C/HLA-DPA1/HLA-DPB1/HLA-DQA1/HLA-DQB1/HLA-DRB1/HLA-DRB4/HLA-G/IFNG/IL10/IL2/IL4/IL5/TNF	19
KEGG_TYPE_I_DIABETES_MELLITUS	KEGG_TYPE_I_DIABETES_MELLITUS	19/268	43/11763	1.61626052793291e-20	3.27777635064794e-18	2.08582674446921e-18	CD28/FAS/FASLG/HLA-A/HLA-B/HLA-C/HLA-DPA1/HLA-DPB1/HLA-DQA1/HLA-DQB1/HLA-DRB1/HLA-DRB4/HLA-G/IFNG/IL1A/IL1B/IL2/LTA/TNF	19
REACTOME_INTERLEUKIN_4_AND_INTERLEUKIN_13_SIGNALING	REACTOME_INTERLEUKIN_4_AND_INTERLEUKIN_13_SIGNALING	26/268	111/11763	1.63931372121642e-19	2.77044018885575e-17	1.7629812475538e-17	CCL2/FASLG/FGF2/FN1/HIF1A/HMOX1/ICAM1/IL10/IL17A/IL17F/IL1A/IL1B/IL4/IL4R/IL6/IL6R/MMP1/MMP2/MMP3/MMP9/NOS2/PTGS2/TGFB1/TIMP1/TNF/VEGFA	26
KEGG_LEISHMANIA_INFECTION	KEGG_LEISHMANIA_INFECTION	22/268	72/11763	2.01568799761362e-19	2.91986804225745e-17	1.85807028952955e-17	C3/CYBA/HLA-DPA1/HLA-DPB1/HLA-DQA1/HLA-DQB1/HLA-DRB1/HLA-DRB4/IFNG/IFNGR1/IFNGR2/IL10/IL1A/IL1B/IL4/NFKB1/NOS2/PTGS2/TGFB1/TLR2/TLR4/TNF	22
KEGG_AUTOIMMUNE_THYROID_DISEASE	KEGG_AUTOIMMUNE_THYROID_DISEASE	19/268	52/11763	1.28362278564335e-18	1.62699188080295e-16	1.03534311526233e-16	CD28/CTLA4/FAS/FASLG/HLA-A/HLA-B/HLA-C/HLA-DPA1/HLA-DPB1/HLA-DQA1/HLA-DQB1/HLA-DRB1/HLA-DRB4/HLA-G/IL10/IL2/IL4/IL5/TSHR	19
REACTOME_RESPONSE_TO_ELEVATED_PLATELET_CYTOSOLIC_CA2PLUS	REACTOME_RESPONSE_TO_ELEVATED_PLATELET_CYTOSOLIC_CA2PLUS	25/268	132/11763	1.915057337031e-16	2.15763126638826e-14	1.37301771649123e-14	ANXA5/APOA1/CLU/EGF/F5/FGB/FN1/GAS6/IGF1/IGF2/ITGB3/PDGFB/PECAM1/PPIA/SELP/SERPINA1/SERPINE1/SPARC/TGFB1/THBS1/TIMP1/TTN/VEGFA/VEGFC/VWF	25
NABA_SECRETED_FACTORS	NABA_SECRETED_FACTORS	37/268	343/11763	2.06889755296023e-15	2.09786211870167e-13	1.33498336838381e-13	ANGPT1/CCL2/CRHBP/CXCL12/EGF/FASLG/FGF1/FGF2/HBEGF/IFNG/IGF1/IGF2/IL10/IL17A/IL17F/IL1A/IL1B/IL1RN/IL2/IL22/IL3/IL4/IL5/IL6/INHBB/LEP/LTA/NODAL/PDGFB/PGF/TGFA/TGFB1/TNF/TNFSF11/TNFSF13B/VEGFA/VEGFC	37
KEGG_INTESTINAL_IMMUNE_NETWORK_FOR_IGA_PRODUCTION	KEGG_INTESTINAL_IMMUNE_NETWORK_FOR_IGA_PRODUCTION	16/268	48/11763	3.95911944364028e-15	3.6495882871375e-13	2.32243083153253e-13	CD28/CXCL12/HLA-DPA1/HLA-DPB1/HLA-DQA1/HLA-DQB1/HLA-DRB1/HLA-DRB4/ICOS/IL10/IL2/IL4/IL5/IL6/TGFB1/TNFSF13B	16
PID_AP1_PATHWAY	PID_AP1_PATHWAY	18/268	70/11763	1.24262663077449e-14	1.05001950300444e-12	6.6818431988137e-13	AGT/CCL2/EDN1/ESR1/HIF1A/HLA-A/IFNG/IL10/IL2/IL4/IL5/IL6/MMP1/MMP9/NPPA/TGFB1/TH/TIMP1	18
KEGG_NATURAL_KILLER_CELL_MEDIATED_CYTOTOXICITY	KEGG_NATURAL_KILLER_CELL_MEDIATED_CYTOTOXICITY	23/268	137/11763	4.92058425626415e-14	3.83805571988604e-12	2.44236287375702e-12	FAS/FASLG/HLA-A/HLA-B/HLA-C/HLA-G/ICAM1/IFNG/IFNGR1/IFNGR2/KIR2DL1/KIR2DL2/KIR2DL3/KIR2DL4/KIR2DL5A/KIR2DS1/KIR2DS3/KIR2DS4/KIR2DS5/KIR3DL1/KIR3DL2/KLRC2/TNF	23
KEGG_PATHWAYS_IN_CANCER	KEGG_PATHWAYS_IN_CANCER	33/268	325/11763	4.34450996570893e-13	3.1466665037349e-11	2.00239444284179e-11	AR/COL4A1/COL4A2/CREBBP/EGF/FAS/FASLG/FGF1/FGF2/FN1/GSTP1/HIF1A/IGF1/IGF1R/IKBKG/IL6/LAMC1/MDM2/MMP1/MMP2/MMP9/NFKB1/NOS2/PDGFB/PGF/PPARG/PTGS2/TGFA/TGFB1/TGFBR1/TGFBR2/VEGFA/VEGFC	33
BIOCARTA_INFLAM_PATHWAY	BIOCARTA_INFLAM_PATHWAY	12/268	29/11763	5.63024072669729e-13	3.80604273124737e-11	2.42199127401083e-11	HLA-DRB1/HLA-DRB4/IFNG/IL10/IL1A/IL2/IL3/IL4/IL5/IL6/TGFB1/TNF	12
BIOCARTA_CYTOKINE_PATHWAY	BIOCARTA_CYTOKINE_PATHWAY	10/268	19/11763	2.45944171532172e-12	1.55867118708514e-10	9.91866954929088e-11	IFNG/IL10/IL17A/IL1A/IL2/IL3/IL4/IL5/IL6/TNF	10
REACTOME_ACTIVATION_OF_MATRIX_METALLOPROTEINASES	REACTOME_ACTIVATION_OF_MATRIX_METALLOPROTEINASES	12/268	33/11763	3.54927025586373e-12	2.11703531732107e-10	1.34718431383558e-10	MMP1/MMP10/MMP11/MMP14/MMP16/MMP2/MMP3/MMP7/MMP8/MMP9/TIMP1/TIMP2	12
BIOCARTA_NKT_PATHWAY	BIOCARTA_NKT_PATHWAY	11/268	26/11763	3.99585364061648e-12	2.25099755088062e-10	1.43243174368298e-10	CCR5/CD28/IFNG/IFNGR1/IFNGR2/IL12RB1/IL2/IL4/IL4R/IL5/TGFB1	11
REACTOME_PLATELET_ACTIVATION_SIGNALING_AND_AGGREGATION	REACTOME_PLATELET_ACTIVATION_SIGNALING_AND_AGGREGATION	28/268	260/11763	7.08315970347332e-12	3.78017049437997e-10	2.40552736743997e-10	ANXA5/APOA1/CLU/COL1A1/EGF/F2/F5/FGB/FN1/GAS6/GNB3/IGF1/IGF2/ITGB3/PDGFB/PECAM1/PPIA/SELP/SERPINA1/SERPINE1/SPARC/TGFB1/THBS1/TIMP1/TTN/VEGFA/VEGFC/VWF	28
REACTOME_EXTRACELLULAR_MATRIX_ORGANIZATION	REACTOME_EXTRACELLULAR_MATRIX_ORGANIZATION	30/268	301/11763	8.79371885885516e-12	4.45841546143957e-10	2.83713140025169e-10	COL1A1/COL4A1/COL4A2/COL5A1/FGB/FGF2/FN1/ICAM1/ITGB3/KDR/LAMC1/MMP1/MMP10/MMP11/MMP14/MMP16/MMP2/MMP3/MMP7/MMP8/MMP9/PDGFB/PECAM1/SERPINE1/SPARC/TGFB1/THBS1/TIMP1/TIMP2/VWF	30
PID_IL23_PATHWAY	PID_IL23_PATHWAY	12/268	37/11763	1.70858394257022e-11	7.99983193531985e-10	5.09072664419295e-10	CCL2/IFNG/IL12RB1/IL17A/IL17F/IL1B/IL2/IL6/MPO/NFKB1/NOS2/TNF	12
REACTOME_INTERLEUKIN_10_SIGNALING	REACTOME_INTERLEUKIN_10_SIGNALING	13/268	46/11763	1.73566373350135e-11	7.99983193531985e-10	5.09072664419295e-10	CCL2/CCR2/CCR5/ICAM1/IL10/IL1A/IL1B/IL1R1/IL1RN/IL6/PTGS2/TIMP1/TNF	13
KEGG_ASTHMA	KEGG_ASTHMA	11/268	30/11763	2.60566068789967e-11	1.14875649457838e-09	7.31016019076658e-10	HLA-DPA1/HLA-DPB1/HLA-DQA1/HLA-DQB1/HLA-DRB1/HLA-DRB4/IL10/IL3/IL4/IL5/TNF	11
BIOCARTA_TH1TH2_PATHWAY	BIOCARTA_TH1TH2_PATHWAY	10/268	23/11763	2.81019238487298e-11	1.18730628260883e-09	7.55547338564534e-10	CD28/HLA-DRB1/HLA-DRB4/IFNG/IFNGR1/IFNGR2/IL12RB1/IL2/IL4/IL4R	10
KEGG_HEMATOPOIETIC_CELL_LINEAGE	KEGG_HEMATOPOIETIC_CELL_LINEAGE	16/268	87/11763	9.38579558086638e-11	3.8068786875994e-09	2.42252323834572e-09	CD14/CD55/HLA-DRB1/HLA-DRB4/IL1A/IL1B/IL1R1/IL3/IL4/IL4R/IL5/IL5RA/IL6/IL6R/ITGB3/TNF	16
PID_INTEGRIN3_PATHWAY	PID_INTEGRIN3_PATHWAY	12/268	43/11763	1.25258076826681e-10	4.88506499624057e-09	3.10863162326946e-09	COL1A1/COL4A1/FGB/FN1/ITGB3/KDR/LAMC1/PDGFB/PECAM1/TGFBR2/THBS1/VEGFA	12
KEGG_COMPLEMENT_AND_COAGULATION_CASCADES	KEGG_COMPLEMENT_AND_COAGULATION_CASCADES	14/268	69/11763	3.652011704532e-10	1.32818901911002e-08	8.45198659518784e-09	C3/CD55/CFI/CPB2/F11/F2/F3/F5/FGB/MBL2/SERPINA1/SERPINE1/THBD/VWF	14
BIOCARTA_ASBCELL_PATHWAY	BIOCARTA_ASBCELL_PATHWAY	8/268	15/11763	3.66758309024464e-10	1.32818901911002e-08	8.45198659518784e-09	CD28/FAS/FASLG/HLA-DRB1/HLA-DRB4/IL10/IL2/IL4	8
REACTOME_COLLAGEN_DEGRADATION	REACTOME_COLLAGEN_DEGRADATION	13/268	64/11763	1.5539102932131e-09	5.43332771488994e-08	3.45752090649593e-08	COL1A1/COL4A1/COL4A2/COL5A1/MMP1/MMP10/MMP11/MMP14/MMP2/MMP3/MMP7/MMP8/MMP9	13
REACTOME_SIGNALING_BY_RECEPTOR_TYROSINE_KINASES	REACTOME_SIGNALING_BY_RECEPTOR_TYROSINE_KINASES	34/268	468/11763	1.8801578416172e-09	6.35493350466613e-08	4.04398862074156e-08	APOE/COL1A1/COL4A1/COL4A2/COL5A1/CXCL12/CYBA/EGF/ESR1/FGF1/FGF2/FLT1/FLT4/FN1/HBEGF/IGF1/IGF1R/IGF2/INSR/ITGB3/KDR/KL/LAMC1/MMP9/NOS3/PDGFB/PGF/SPARC/TGFA/THBS1/THBS4/TLR9/VEGFA/VEGFC	34
REACTOME_DEGRADATION_OF_THE_EXTRACELLULAR_MATRIX	REACTOME_DEGRADATION_OF_THE_EXTRACELLULAR_MATRIX	18/268	140/11763	2.73459425385346e-09	8.92173079593122e-08	5.67738085529517e-08	COL1A1/COL4A1/COL4A2/COL5A1/FN1/LAMC1/MMP1/MMP10/MMP11/MMP14/MMP16/MMP2/MMP3/MMP7/MMP8/MMP9/TIMP1/TIMP2	18
REACTOME_REGULATION_OF_INSULIN_LIKE_GROWTH_FACTOR_IGF_TRANSPORT_AND_UPTAKE_BY_INSULIN_LIKE_GROWTH_FACTOR_BINDING_PROTEINS_IGFBPS	REACTOME_REGULATION_OF_INSULIN_LIKE_GROWTH_FACTOR_IGF_TRANSPORT_AND_UPTAKE_BY_INSULIN_LIKE_GROWTH_FACTOR_BINDING_PROTEINS_IGFBPS	17/268	124/11763	2.81553634585601e-09	8.92173079593122e-08	5.67738085529517e-08	APOA1/APOB/APOE/C3/F2/F5/FN1/GAS6/IGF1/IGF2/IL6/LAMC1/MMP1/MMP2/PAPPA/SERPINA1/TIMP1	17
PID_IL27_PATHWAY	PID_IL27_PATHWAY	9/268	26/11763	3.22085267061556e-09	9.89680184243692e-08	6.29787141016696e-08	IFNG/IL12RB1/IL17A/IL1B/IL2/IL27/IL6/TGFB1/TNF	9
PID_NFAT_TFPATHWAY	PID_NFAT_TFPATHWAY	11/268	45/11763	3.57542122241347e-09	1.06631679986096e-07	6.78555173170111e-08	CTLA4/FASLG/FOXP3/IFNG/IL2/IL3/IL4/IL5/PPARG/PTGS2/TNF	11
PID_SHP2_PATHWAY	PID_SHP2_PATHWAY	12/268	57/11763	4.34842090792116e-09	1.2332453078318e-07	7.84780830168064e-08	ANGPT1/EGF/IFNG/IFNGR1/IGF1R/IL2/IL6/IL6R/KDR/NOS3/PDGFB/VEGFA	12
BIOCARTA_ACE2_PATHWAY	BIOCARTA_ACE2_PATHWAY	7/268	13/11763	4.50000753350856e-09	1.2332453078318e-07	7.84780830168064e-08	ACE/AGT/AGTR1/AGTR2/COL4A1/COL4A2/REN	7
BIOCARTA_IL5_PATHWAY	BIOCARTA_IL5_PATHWAY	7/268	13/11763	4.50000753350856e-09	1.2332453078318e-07	7.84780830168064e-08	HLA-DRB1/HLA-DRB4/IL1B/IL4/IL5/IL5RA/IL6	7
KEGG_VIRAL_MYOCARDITIS	KEGG_VIRAL_MYOCARDITIS	13/268	70/11763	4.97010605832115e-09	1.32623356398359e-07	8.43954297437913e-08	CD28/CD55/HLA-A/HLA-B/HLA-C/HLA-DPA1/HLA-DPB1/HLA-DQA1/HLA-DQB1/HLA-DRB1/HLA-DRB4/HLA-G/ICAM1	13
KEGG_JAK_STAT_SIGNALING_PATHWAY	KEGG_JAK_STAT_SIGNALING_PATHWAY	18/268	155/11763	1.41099739593306e-08	3.66859322942595e-07	2.33452470636158e-07	CREBBP/IFNG/IFNGR1/IFNGR2/IL10/IL12RB1/IL2/IL22/IL22RA1/IL3/IL4/IL4R/IL5/IL5RA/IL6/IL6R/LEP/LEPR	18
PID_IL12_2PATHWAY	PID_IL12_2PATHWAY	12/268	63/11763	1.45274175183452e-08	3.6827003409005e-07	2.34350182598568e-07	CCR5/FASLG/HLA-A/HLA-DRB1/IFNG/IL12RB1/IL1B/IL1R1/IL2/IL4/NFKB1/NOS2	12
REACTOME_INTERFERON_GAMMA_SIGNALING	REACTOME_INTERFERON_GAMMA_SIGNALING	14/268	93/11763	2.14955104815738e-08	5.31620673861362e-07	3.38299048143896e-07	HLA-A/HLA-B/HLA-C/HLA-DPA1/HLA-DPB1/HLA-DQA1/HLA-DQB1/HLA-DRB1/HLA-DRB4/HLA-G/ICAM1/IFNG/IFNGR1/IFNGR2	14
PID_HIF1_TFPATHWAY	PID_HIF1_TFPATHWAY	12/268	66/11763	2.52207794819616e-08	6.06849839746093e-07	3.86171443749979e-07	ABCB1/ADM/CREBBP/CXCL12/EDN1/ENG/HIF1A/HMOX1/LEP/NOS2/SERPINE1/VEGFA	12
PID_VEGF_VEGFR_PATHWAY	PID_VEGF_VEGFR_PATHWAY	6/268	10/11763	2.57342634211854e-08	6.06849839746093e-07	3.86171443749979e-07	FLT1/FLT4/KDR/PGF/VEGFA/VEGFC	6
KEGG_FOCAL_ADHESION	KEGG_FOCAL_ADHESION	20/268	199/11763	2.64335676257952e-08	6.09173581194463e-07	3.87650166378289e-07	COL1A1/COL4A1/COL4A2/COL5A1/EGF/FLT1/FLT4/FN1/IGF1/IGF1R/ITGB3/KDR/LAMC1/PDGFB/PGF/THBS1/THBS4/VEGFA/VEGFC/VWF	20
REACTOME_DISEASES_OF_IMMUNE_SYSTEM	REACTOME_DISEASES_OF_IMMUNE_SYSTEM	8/268	24/11763	3.50702814744509e-08	7.90250342557627e-07	5.02879123832477e-07	CD14/IKBKG/NFKB1/TLR1/TLR2/TLR3/TLR4/TLR5	8
KEGG_CELL_ADHESION_MOLECULES_CAMS	KEGG_CELL_ADHESION_MOLECULES_CAMS	16/268	133/11763	5.55181722444679e-08	1.22381362295414e-06	7.78778937891507e-07	CD28/CTLA4/HLA-A/HLA-B/HLA-C/HLA-DPA1/HLA-DPB1/HLA-DQA1/HLA-DQB1/HLA-DRB1/HLA-DRB4/HLA-G/ICAM1/ICOS/PECAM1/SELP	16
KEGG_TGF_BETA_SIGNALING_PATHWAY	KEGG_TGF_BETA_SIGNALING_PATHWAY	13/268	85/11763	5.70426282985147e-08	1.23066436371689e-06	7.83138435542879e-07	ACVR2A/ACVR2B/CREBBP/IFNG/INHBB/NODAL/PITX2/TGFB1/TGFBR1/TGFBR2/THBS1/THBS4/TNF	13
REACTOME_NON_INTEGRIN_MEMBRANE_ECM_INTERACTIONS	REACTOME_NON_INTEGRIN_MEMBRANE_ECM_INTERACTIONS	11/268	59/11763	7.43094391907768e-08	1.56978690290516e-06	9.98940487367241e-07	COL1A1/COL4A1/COL4A2/COL5A1/FGF2/FN1/ITGB3/LAMC1/PDGFB/TGFB1/THBS1	11
REACTOME_EXTRA_NUCLEAR_ESTROGEN_SIGNALING	REACTOME_EXTRA_NUCLEAR_ESTROGEN_SIGNALING	12/268	75/11763	1.11538679216304e-07	2.30816776990474e-06	1.46881225262287e-06	EGF/ESR1/ESR2/GNB3/HBEGF/IGF1R/MMP2/MMP3/MMP7/MMP9/NOS3/TGFA	12
BIOCARTA_TOB1_PATHWAY	BIOCARTA_TOB1_PATHWAY	7/268	19/11763	1.17492894889141e-07	2.38275590835178e-06	1.51627672772723e-06	CD28/IFNG/IL2/IL4/TGFB1/TGFBR1/TGFBR2	7
PID_AMB2_NEUTROPHILS_PATHWAY	PID_AMB2_NEUTROPHILS_PATHWAY	9/268	41/11763	2.67680856248564e-07	5.32212525953028e-06	3.38675675707678e-06	APOB/ICAM1/IL6/LPA/MMP2/MMP9/NFKB1/SELP/TNF	9
BIOCARTA_IL1R_PATHWAY	BIOCARTA_IL1R_PATHWAY	8/268	31/11763	3.2751187344797e-07	6.38648153223541e-06	4.06406434055881e-06	IL1A/IL1B/IL1R1/IL1RN/IL6/NFKB1/TGFB1/TNF	8
KEGG_BLADDER_CANCER	KEGG_BLADDER_CANCER	9/268	42/11763	3.33958313991085e-07	6.3893156676785e-06	4.06586785454886e-06	EGF/MDM2/MMP1/MMP2/MMP9/PGF/THBS1/VEGFA/VEGFC	9
REACTOME_ANTIGEN_PROCESSING_CROSS_PRESENTATION	REACTOME_ANTIGEN_PROCESSING_CROSS_PRESENTATION	13/268	99/11763	3.59494820498593e-07	6.75051385158469e-06	4.29571783558748e-06	CD14/CYBA/HLA-A/HLA-B/HLA-C/HLA-G/IKBKG/TAP1/TAP2/TLR1/TLR2/TLR4/VAMP8	13
REACTOME_INTEGRIN_CELL_SURFACE_INTERACTIONS	REACTOME_INTEGRIN_CELL_SURFACE_INTERACTIONS	12/268	85/11763	4.58823601902954e-07	8.459038769629e-06	5.38294484146432e-06	COL1A1/COL4A1/COL4A2/COL5A1/FGB/FN1/ICAM1/ITGB3/KDR/PECAM1/THBS1/VWF	12
BIOCARTA_GRANULOCYTES_PATHWAY	BIOCARTA_GRANULOCYTES_PATHWAY	6/268	15/11763	5.57061319127043e-07	1.00867888856218e-05	6.41877046287364e-06	ICAM1/IFNG/IL1A/PECAM1/SELP/TNF	6
REACTOME_CONSTITUTIVE_SIGNALING_BY_ABERRANT_PI3K_IN_CANCER	REACTOME_CONSTITUTIVE_SIGNALING_BY_ABERRANT_PI3K_IN_CANCER	11/268	75/11763	9.41939386440766e-07	1.67566059272094e-05	1.06631365445649e-05	CD28/EGF/ESR1/ESR2/FGF1/FGF2/HBEGF/ICOS/KL/PDGFB/TGFA	11
REACTOME_ANTIGEN_PRESENTATION:_FOLDING_ASSEMBLY_AND_PEPTIDE_LOADING_OF_CLASS_I_MHC	REACTOME_ANTIGEN_PRESENTATION:_FOLDING_ASSEMBLY_AND_PEPTIDE_LOADING_OF_CLASS_I_MHC	7/268	25/11763	9.96839609982707e-07	1.74275062848701e-05	1.10900668043448e-05	ERAP2/HLA-A/HLA-B/HLA-C/HLA-G/TAP1/TAP2	7
KEGG_NOD_LIKE_RECEPTOR_SIGNALING_PATHWAY	KEGG_NOD_LIKE_RECEPTOR_SIGNALING_PATHWAY	10/268	62/11763	1.2063301382717e-06	2.07325213594492e-05	1.31932270251659e-05	CARD8/CCL2/IKBKG/IL1B/IL6/NFKB1/NLRP1/NLRP3/NOD2/TNF	10
REACTOME_NEGATIVE_REGULATION_OF_THE_PI3K_AKT_NETWORK	REACTOME_NEGATIVE_REGULATION_OF_THE_PI3K_AKT_NETWORK	13/268	110/11763	1.23274409092345e-06	2.08333751366063e-05	1.32574057497557e-05	CD28/EGF/ESR1/ESR2/FGF1/FGF2/HBEGF/ICOS/IL1RL1/INSR/KL/PDGFB/TGFA	13
BIOCARTA_LAIR_PATHWAY	BIOCARTA_LAIR_PATHWAY	6/268	17/11763	1.32550725695279e-06	2.18887212092531e-05	1.39289796545958e-05	C3/ICAM1/IL1A/IL6/SELP/TNF	6
PID_ANGIOPOIETIN_RECEPTOR_PATHWAY	PID_ANGIOPOIETIN_RECEPTOR_PATHWAY	9/268	49/11763	1.33836362423441e-06	2.18887212092531e-05	1.39289796545958e-05	AGTR1/ANGPT1/F2/FGF2/FN1/MMP2/NFKB1/NOS3/TNF	9
PID_FRA_PATHWAY	PID_FRA_PATHWAY	8/268	37/11763	1.42365149731128e-06	2.29140098138673e-05	1.45814263634389e-05	CCL2/HMOX1/IL6/MMP1/MMP2/MMP9/NOS3/THBD	8
REACTOME_SYNDECAN_INTERACTIONS	REACTOME_SYNDECAN_INTERACTIONS	7/268	27/11763	1.77100095337309e-06	2.80592963550049e-05	1.78556510595017e-05	COL1A1/COL5A1/FGF2/FN1/ITGB3/TGFB1/THBS1	7
NABA_ECM_REGULATORS	NABA_ECM_REGULATORS	19/268	238/11763	2.12341177092095e-06	3.31252236263668e-05	2.10793751510047e-05	AGT/F2/LPA/MMP1/MMP10/MMP11/MMP14/MMP16/MMP2/MMP3/MMP7/MMP8/MMP9/PAPPA/SERPINA1/SERPINE1/SULF1/TIMP1/TIMP2	19
REACTOME_FORMATION_OF_FIBRIN_CLOT_CLOTTING_CASCADE	REACTOME_FORMATION_OF_FIBRIN_CLOT_CLOTTING_CASCADE	8/268	39/11763	2.18081155649516e-06	3.35051957316075e-05	2.13211719957182e-05	F11/F2/F3/F5/FGB/PRCP/THBD/VWF	8
BIOCARTA_BBCELL_PATHWAY	BIOCARTA_BBCELL_PATHWAY	5/268	11/11763	2.44245985579946e-06	3.69649894594128e-05	2.3522826262452e-05	CD28/FAS/FASLG/HLA-DRB1/HLA-DRB4	5
REACTOME_REGULATION_OF_TLR_BY_ENDOGENOUS_LIGAND	REACTOME_REGULATION_OF_TLR_BY_ENDOGENOUS_LIGAND	6/268	19/11763	2.79639342212894e-06	4.10948250730253e-05	2.6150864496797e-05	APOB/CD14/FGB/TLR1/TLR2/TLR4	6
REACTOME_SCAVENGING_BY_CLASS_A_RECEPTORS	REACTOME_SCAVENGING_BY_CLASS_A_RECEPTORS	6/268	19/11763	2.79639342212894e-06	4.10948250730253e-05	2.6150864496797e-05	APOA1/APOB/APOE/COL1A1/COL4A1/COL4A2	6
KEGG_TOLL_LIKE_RECEPTOR_SIGNALING_PATHWAY	KEGG_TOLL_LIKE_RECEPTOR_SIGNALING_PATHWAY	12/268	102/11763	3.34109263360328e-06	4.77164497249821e-05	3.03645631489816e-05	CD14/IKBKG/IL1B/IL6/NFKB1/TLR1/TLR2/TLR3/TLR4/TLR5/TLR9/TNF	12
REACTOME_PI3K_AKT_SIGNALING_IN_CANCER	REACTOME_PI3K_AKT_SIGNALING_IN_CANCER	12/268	102/11763	3.34109263360328e-06	4.77164497249821e-05	3.03645631489816e-05	CD28/EGF/ESR1/ESR2/FGF1/FGF2/HBEGF/ICOS/KL/MDM2/PDGFB/TGFA	12
KEGG_PANCREATIC_CANCER	KEGG_PANCREATIC_CANCER	10/268	70/11763	3.79170622079647e-06	5.33998626095503e-05	3.39812268033368e-05	EGF/IKBKG/NFKB1/PGF/TGFA/TGFB1/TGFBR1/TGFBR2/VEGFA/VEGFC	10
REACTOME_CLASS_A_1_RHODOPSIN_LIKE_RECEPTORS	REACTOME_CLASS_A_1_RHODOPSIN_LIKE_RECEPTORS	22/268	321/11763	4.18162024893755e-06	5.80844237318174e-05	3.6962266944466e-05	ADRB3/AGT/AGTR1/AGTR2/C3/CCR2/CCR5/CNR1/CXCL12/CXCR2/DRD1/ECE1/EDN1/F2/FSHR/GNRHR/LHCGR/NPY/OXTR/PTGER2/TSHR/UTS2	22
KEGG_PROSTATE_CANCER	KEGG_PROSTATE_CANCER	11/268	89/11763	5.29784301465896e-06	7.25947677954619e-05	4.61959853198569e-05	AR/CREBBP/EGF/GSTP1/IGF1/IGF1R/IKBKG/MDM2/NFKB1/PDGFB/TGFA	11
REACTOME_PLASMA_LIPOPROTEIN_REMODELING	REACTOME_PLASMA_LIPOPROTEIN_REMODELING	7/268	32/11763	6.08872498674307e-06	8.23195618207663e-05	5.23843988333123e-05	APOA1/APOB/APOE/CETP/LIPC/LPA/LPL	7
PID_AVB3_INTEGRIN_PATHWAY	PID_AVB3_INTEGRIN_PATHWAY	10/268	74/11763	6.3380848813819e-06	8.45633956542269e-05	5.38122719153339e-05	COL1A1/COL4A1/COL5A1/FGF2/FN1/IGF1R/ITGB3/KDR/TGFBR2/VEGFA	10
BIOCARTA_IL10_PATHWAY	BIOCARTA_IL10_PATHWAY	5/268	13/11763	6.55347989805571e-06	8.63016703458245e-05	5.49184303145338e-05	HMOX1/IL10/IL1A/IL6/TNF	5
BIOCARTA_CTLA4_PATHWAY	BIOCARTA_CTLA4_PATHWAY	6/268	22/11763	7.25981004699468e-06	9.43775306109309e-05	6.00575379056375e-05	CD28/CTLA4/HLA-DRB1/HLA-DRB4/ICOS/IL2	6
REACTOME_ECM_PROTEOGLYCANS	REACTOME_ECM_PROTEOGLYCANS	10/268	76/11763	8.09081904849523e-06	0.000103849247027521	6.60849044200876e-05	COL1A1/COL4A1/COL4A2/COL5A1/FN1/ITGB3/LAMC1/SERPINE1/SPARC/TGFB1	10
BIOCARTA_INTRINSIC_PATHWAY	BIOCARTA_INTRINSIC_PATHWAY	6/268	23/11763	9.6355152368395e-06	0.000120622375927843	7.67585554279742e-05	COL4A1/COL4A2/F11/F2/F5/FGB	6
BIOCARTA_NTHI_PATHWAY	BIOCARTA_NTHI_PATHWAY	6/268	23/11763	9.6355152368395e-06	0.000120622375927843	7.67585554279742e-05	CREBBP/IL1B/NFKB1/TGFBR1/TGFBR2/TNF	6
BIOCARTA_MHC_PATHWAY	BIOCARTA_MHC_PATHWAY	5/268	14/11763	1.00050090078761e-05	0.000122229869084174	7.77814904480415e-05	HLA-A/HLA-DRB1/HLA-DRB4/TAP1/TAP2	5
BIOCARTA_PLATELETAPP_PATHWAY	BIOCARTA_PLATELETAPP_PATHWAY	5/268	14/11763	1.00050090078761e-05	0.000122229869084174	7.77814904480415e-05	COL4A1/COL4A2/F11/F2/SERPINE1	5
PID_TOLL_ENDOGENOUS_PATHWAY	PID_TOLL_ENDOGENOUS_PATHWAY	6/268	24/11763	1.26033929383723e-05	0.000152140957613208	9.68155372333609e-05	CD14/IKBKG/TLR1/TLR2/TLR3/TLR4	6
REACTOME_MAPK_FAMILY_SIGNALING_CASCADES	REACTOME_MAPK_FAMILY_SIGNALING_CASCADES	20/268	296/11763	1.42735306060123e-05	0.000167811108002047	0.000106787303233941	ANGPT1/EGF/FGB/FGF1/FGF2/FN1/HBEGF/IL2/IL3/IL5/IL5RA/IL6/IL6R/ITGB3/KL/MMP10/MMP2/PDGFB/TGFA/VWF	20
REACTOME_GPCR_LIGAND_BINDING	REACTOME_GPCR_LIGAND_BINDING	26/268	454/11763	1.44997613897292e-05	0.000167811108002047	0.000106787303233941	ADM/ADRB3/AGT/AGTR1/AGTR2/C3/CCR2/CCR5/CD55/CNR1/CRHBP/CXCL12/CXCR2/DRD1/ECE1/EDN1/F2/FSHR/GNB3/GNRHR/LHCGR/NPY/OXTR/PTGER2/TSHR/UTS2	26
BIOCARTA_ERYTH_PATHWAY	BIOCARTA_ERYTH_PATHWAY	5/268	15/11763	1.47289828522507e-05	0.000167811108002047	0.000106787303233941	IGF1/IL1A/IL3/IL6/TGFB1	5
BIOCARTA_STEM_PATHWAY	BIOCARTA_STEM_PATHWAY	5/268	15/11763	1.47289828522507e-05	0.000167811108002047	0.000106787303233941	IL2/IL3/IL4/IL5/IL6	5
SA_MMP_CYTOKINE_CONNECTION	SA_MMP_CYTOKINE_CONNECTION	5/268	15/11763	1.47289828522507e-05	0.000167811108002047	0.000106787303233941	ACE/IL1B/IL6R/TGFB1/TNF	5
PID_REG_GR_PATHWAY	PID_REG_GR_PATHWAY	10/268	82/11763	1.60823972364215e-05	0.000181195008863682	0.000115304204747677	CREBBP/ICAM1/IFNG/IL2/IL4/IL5/IL6/MDM2/MMP1/NFKB1	10
PID_INTEGRIN1_PATHWAY	PID_INTEGRIN1_PATHWAY	9/268	66/11763	1.71946540666271e-05	0.000191597573885274	0.000121923920680653	CD14/COL1A1/COL4A1/COL5A1/FGB/FN1/LAMC1/THBS1/VEGFA	9
BIOCARTA_NFAT_PATHWAY	BIOCARTA_NFAT_PATHWAY	8/268	51/11763	1.78155432669986e-05	0.000196358270355832	0.000124953409870368	AGT/CREBBP/EDN1/F2/FGF2/HBEGF/IGF1/NPPA	8
KEGG_ECM_RECEPTOR_INTERACTION	KEGG_ECM_RECEPTOR_INTERACTION	10/268	84/11763	1.99429475502661e-05	0.000217442460386772	0.000138370422731331	COL1A1/COL4A1/COL4A2/COL5A1/FN1/ITGB3/LAMC1/THBS1/THBS4/VWF	10
PID_ALK1_PATHWAY	PID_ALK1_PATHWAY	6/268	26/11763	2.07478916101907e-05	0.000223812362688653	0.000142423936809036	ACVR2A/ACVR2B/ENG/TGFB1/TGFBR1/TGFBR2	6
BIOCARTA_VEGF_PATHWAY	BIOCARTA_VEGF_PATHWAY	6/268	27/11763	2.61698603692814e-05	0.000276419150150535	0.000175900486911947	FLT1/FLT4/HIF1A/KDR/NOS3/VEGFA	6
PID_GLYPICAN_1PATHWAY	PID_GLYPICAN_1PATHWAY	6/268	27/11763	2.61698603692814e-05	0.000276419150150535	0.000175900486911947	FGF2/FLT1/TGFB1/TGFBR1/TGFBR2/VEGFA	6
PID_ER_NONGENOMIC_PATHWAY	PID_ER_NONGENOMIC_PATHWAY	7/268	40/11763	2.88605067301372e-05	0.000299440593741125	0.000190550279210328	ESR1/ESR2/HBEGF/IGF1R/MMP2/MMP9/NOS3	7
BIOCARTA_DC_PATHWAY	BIOCARTA_DC_PATHWAY	5/268	17/11763	2.92353242409974e-05	0.000299440593741125	0.000190550279210328	IFNG/IL10/IL3/IL4/IL5	5
KEGG_RENIN_ANGIOTENSIN_SYSTEM	KEGG_RENIN_ANGIOTENSIN_SYSTEM	5/268	17/11763	2.92353242409974e-05	0.000299440593741125	0.000190550279210328	ACE/AGT/AGTR1/AGTR2/REN	5
PID_TCR_CALCIUM_PATHWAY	PID_TCR_CALCIUM_PATHWAY	6/268	28/11763	3.26755424881265e-05	0.000331330000829603	0.000210843237318122	FASLG/IFNG/IL2/IL3/IL4/PTGS2	6
KEGG_T_CELL_RECEPTOR_SIGNALING_PATHWAY	KEGG_T_CELL_RECEPTOR_SIGNALING_PATHWAY	11/268	108/11763	3.41610724507537e-05	0.000342963638267963	0.000218246351352913	CD28/CTLA4/ICOS/IFNG/IKBKG/IL10/IL2/IL4/IL5/NFKB1/TNF	11
REACTOME_CELL_SURFACE_INTERACTIONS_AT_THE_VASCULAR_WALL	REACTOME_CELL_SURFACE_INTERACTIONS_AT_THE_VASCULAR_WALL	15/268	194/11763	3.72109422720862e-05	0.00036992054376368	0.00023540049136005	ANGPT1/APOB/COL1A1/F2/FN1/GAS6/ITGB3/MIF/MMP1/OLR1/PECAM1/PPIA/SELP/TGFB1/THBD	15
BIOCARTA_CARDIACEGF_PATHWAY	BIOCARTA_CARDIACEGF_PATHWAY	5/268	18/11763	3.97295163203888e-05	0.000387662598810502	0.000246690722589887	AGT/AGTR2/EDN1/EGF/NFKB1	5
KEGG_MAPK_SIGNALING_PATHWAY	KEGG_MAPK_SIGNALING_PATHWAY	18/268	267/11763	3.97602665446669e-05	0.000387662598810502	0.000246690722589887	CD14/EGF/FAS/FASLG/FGF1/FGF2/HSPA1B/HSPA1L/IKBKG/IL1A/IL1B/IL1R1/NFKB1/PDGFB/TGFB1/TGFBR1/TGFBR2/TNF	18
PID_UPA_UPAR_PATHWAY	PID_UPA_UPAR_PATHWAY	7/268	42/11763	4.01698309421028e-05	0.000387925795955165	0.000246858209198086	FGB/FN1/ITGB3/MMP3/MMP9/SERPINE1/TGFB1	7
REACTOME_SUMOYLATION_OF_INTRACELLULAR_RECEPTORS	REACTOME_SUMOYLATION_OF_INTRACELLULAR_RECEPTORS	6/268	30/11763	4.95660598178248e-05	0.00046624297000671	0.000296695671767999	AR/ESR1/NR1H2/NR3C2/PPARG/VDR	6
REACTOME_CHYLOMICRON_REMODELING	REACTOME_CHYLOMICRON_REMODELING	4/268	10/11763	4.96590145569277e-05	0.00046624297000671	0.000296695671767999	APOA1/APOB/APOE/LPL	4
REACTOME_RUNX1_AND_FOXP3_CONTROL_THE_DEVELOPMENT_OF_REGULATORY_T_LYMPHOCYTES_TREGS	REACTOME_RUNX1_AND_FOXP3_CONTROL_THE_DEVELOPMENT_OF_REGULATORY_T_LYMPHOCYTES_TREGS	4/268	10/11763	4.96590145569277e-05	0.00046624297000671	0.000296695671767999	CTLA4/FOXP3/IFNG/IL2	4
BIOCARTA_TID_PATHWAY	BIOCARTA_TID_PATHWAY	5/268	19/11763	5.29199173554817e-05	0.000492300882554665	0.000313277733837859	IFNG/IFNGR1/IFNGR2/NFKB1/TNF	5
KEGG_ENDOCYTOSIS	KEGG_ENDOCYTOSIS	14/268	181/11763	6.73097270529304e-05	0.000620473302106103	0.000394840791229151	ADRB3/CCR5/CXCR2/EGF/FLT1/HLA-A/HLA-B/HLA-C/HLA-G/HSPA1B/HSPA1L/IGF1R/KDR/MDM2	14
PID_SYNDECAN_4_PATHWAY	PID_SYNDECAN_4_PATHWAY	6/268	32/11763	7.28075880596317e-05	0.000659414325619024	0.000419621075059132	CXCL12/F2/FGF2/FN1/MMP9/THBS1	6
KEGG_SYSTEMIC_LUPUS_ERYTHEMATOSUS	KEGG_SYSTEMIC_LUPUS_ERYTHEMATOSUS	12/268	138/11763	7.28347184115687e-05	0.000659414325619024	0.000419621075059132	C3/CD28/FCGR2B/HLA-DPA1/HLA-DPB1/HLA-DQA1/HLA-DQB1/HLA-DRB1/HLA-DRB4/IFNG/IL10/TNF	12
PID_SYNDECAN_1_PATHWAY	PID_SYNDECAN_1_PATHWAY	7/268	46/11763	7.37374275697382e-05	0.000661679217307208	0.000421062348395431	COL1A1/COL4A1/COL5A1/MMP1/MMP7/MMP9/TGFB1	7
BIOCARTA_EOSINOPHILS_PATHWAY	BIOCARTA_EOSINOPHILS_PATHWAY	4/268	11/11763	7.66399029575724e-05	0.000669938462060159	0.000426318153475426	HLA-DRB1/HLA-DRB4/IL3/IL5	4
REACTOME_ENDOSOMAL_VACUOLAR_PATHWAY	REACTOME_ENDOSOMAL_VACUOLAR_PATHWAY	4/268	11/11763	7.66399029575724e-05	0.000669938462060159	0.000426318153475426	HLA-A/HLA-B/HLA-C/HLA-G	4
REACTOME_IRAK4_DEFICIENCY_TLR2_4	REACTOME_IRAK4_DEFICIENCY_TLR2_4	4/268	11/11763	7.66399029575724e-05	0.000669938462060159	0.000426318153475426	CD14/TLR1/TLR2/TLR4	4
PID_IL12_STAT4_PATHWAY	PID_IL12_STAT4_PATHWAY	6/268	33/11763	8.73028691398268e-05	0.000756624865878499	0.000481481410550732	CD28/CREBBP/HLA-DRB1/IFNG/IL2/TGFB1	6
BIOCARTA_NFKB_PATHWAY	BIOCARTA_NFKB_PATHWAY	5/268	21/11763	8.92134271879315e-05	0.00076018836276103	0.000483749056755436	IKBKG/IL1A/IL1R1/NFKB1/TNF	5
PID_S1P_S1P1_PATHWAY	PID_S1P_S1P1_PATHWAY	5/268	21/11763	8.92134271879315e-05	0.00076018836276103	0.000483749056755436	ITGB3/KDR/PDGFB/PTGS2/VEGFA	5
PID_IL4_2PATHWAY	PID_IL4_2PATHWAY	8/268	64/11763	9.59039560368336e-05	0.000810388428511244	0.000515694079391044	COL1A1/IL10/IL4/IL4R/IL5/ITGB3/LTA/SELP	8
PID_SMAD2_3NUCLEAR_PATHWAY	PID_SMAD2_3NUCLEAR_PATHWAY	9/268	82/11763	9.91177290838252e-05	0.000830622952818171	0.000528570403900694	AR/CREBBP/ESR1/IL10/IL5/LAMC1/RUNX3/SERPINE1/VDR	9
REACTOME_PEPTIDE_LIGAND_BINDING_RECEPTORS	REACTOME_PEPTIDE_LIGAND_BINDING_RECEPTORS	14/268	188/11763	0.000101334621988895	0.000842240218825734	0.000535963099906753	AGT/AGTR1/AGTR2/C3/CCR2/CCR5/CXCL12/CXCR2/ECE1/EDN1/F2/NPY/OXTR/UTS2	14
PID_HIF2PATHWAY	PID_HIF2PATHWAY	6/268	34/11763	0.000104005013072093	0.000850492606895984	0.000541214541707919	CREBBP/FLT1/KDR/MMP14/SERPINE1/VEGFA	6
PID_IL1_PATHWAY	PID_IL1_PATHWAY	6/268	34/11763	0.000104005013072093	0.000850492606895984	0.000541214541707919	IKBKG/IL1A/IL1B/IL1R1/IL1RN/NFKB1	6
BIOCARTA_FIBRINOLYSIS_PATHWAY	BIOCARTA_FIBRINOLYSIS_PATHWAY	4/268	12/11763	0.000112905229129848	0.000904754931343264	0.000575744599723264	CPB2/F2/FGB/SERPINE1	4
REACTOME_HORMONE_LIGAND_BINDING_RECEPTORS	REACTOME_HORMONE_LIGAND_BINDING_RECEPTORS	4/268	12/11763	0.000112905229129848	0.000904754931343264	0.000575744599723264	FSHR/GNRHR/LHCGR/TSHR	4
BIOCARTA_EICOSANOID_PATHWAY	BIOCARTA_EICOSANOID_PATHWAY	5/268	22/11763	0.000113317432229383	0.000904754931343264	0.000575744599723264	EPHX1/EPHX2/PTGER2/PTGS2/TBXAS1	5
REACTOME_TRANSLOCATION_OF_ZAP_70_TO_IMMUNOLOGICAL_SYNAPSE	REACTOME_TRANSLOCATION_OF_ZAP_70_TO_IMMUNOLOGICAL_SYNAPSE	5/268	23/11763	0.000142117964727312	0.00112584075182418	0.000716433489949361	HLA-DPA1/HLA-DPB1/HLA-DQA1/HLA-DRB1/HLA-DRB4	5
KEGG_APOPTOSIS	KEGG_APOPTOSIS	9/268	87/11763	0.000157133308696386	0.00123514089161345	0.000785987092867273	FAS/FASLG/IKBKG/IL1A/IL1B/IL1R1/IL3/NFKB1/TNF	9
BIOCARTA_CTL_PATHWAY	BIOCARTA_CTL_PATHWAY	4/268	13/11763	0.000160172673232867	0.00123980985235212	0.000788958205638792	FAS/FASLG/HLA-A/ICAM1	4
BIOCARTA_EXTRINSIC_PATHWAY	BIOCARTA_EXTRINSIC_PATHWAY	4/268	13/11763	0.000160172673232867	0.00123980985235212	0.000788958205638792	F2/F3/F5/FGB	4
REACTOME_BIOLOGICAL_OXIDATIONS	REACTOME_BIOLOGICAL_OXIDATIONS	15/268	221/11763	0.000162789143461835	0.00125051660204773	0.000795771490766385	COMT/CYP11B2/CYP19A1/CYP27B1/CYP2D6/EPHX1/GSTM1/GSTP1/GSTT1/GSTZ1/MTR/MTRR/SULT1A1/SULT1A2/TBXAS1	15
KEGG_RENAL_CELL_CARCINOMA	KEGG_RENAL_CELL_CARCINOMA	8/268	70/11763	0.000181833077669922	0.00138630632148347	0.00088218184892491	CREBBP/HIF1A/PDGFB/PGF/TGFA/TGFB1/VEGFA/VEGFC	8
REACTOME_NUCLEAR_RECEPTOR_TRANSCRIPTION_PATHWAY	REACTOME_NUCLEAR_RECEPTOR_TRANSCRIPTION_PATHWAY	7/268	53/11763	0.00018539123090609	0.00140288588163265	0.000892732321645192	AR/ESR1/ESR2/NR1H2/NR3C2/PPARG/VDR	7
REACTOME_TOLL_LIKE_RECEPTOR_CASCADES	REACTOME_TOLL_LIKE_RECEPTOR_CASCADES	12/268	153/11763	0.000195211971689648	0.00146625880958002	0.000933059950454223	APOB/CD14/FGB/IKBKG/NFKB1/NOD2/TLR1/TLR2/TLR3/TLR4/TLR5/TLR9	12
REACTOME_TRANSCRIPTIONAL_REGULATION_BY_THE_AP_2_TFAP2_FAMILY_OF_TRANSCRIPTION_FACTORS	REACTOME_TRANSCRIPTIONAL_REGULATION_BY_THE_AP_2_TFAP2_FAMILY_OF_TRANSCRIPTION_FACTORS	6/268	38/11763	0.000197802024978098	0.00147478862741023	0.000938487935848094	APOE/CREBBP/ESR1/PITX2/TGFA/VEGFA	6
REACTOME_PLASMA_LIPOPROTEIN_ASSEMBLY_REMODELING_AND_CLEARANCE	REACTOME_PLASMA_LIPOPROTEIN_ASSEMBLY_REMODELING_AND_CLEARANCE	8/268	71/11763	0.000200944960788172	0.00148728606014019	0.000946440729643868	APOA1/APOB/APOE/CETP/LIPC/LPA/LPL/NR1H2	8
REACTOME_PEPTIDE_HORMONE_METABOLISM	REACTOME_PEPTIDE_HORMONE_METABOLISM	9/268	90/11763	0.000203896626263142	0.00149819694949874	0.000953383919903172	ACE/AGT/CPB2/GNB3/IGF1/INHBB/LEP/PLA2G7/REN	9
REACTOME_SIGNALING_BY_TYPE_1_INSULIN_LIKE_GROWTH_FACTOR_1_RECEPTOR_IGF1R	REACTOME_SIGNALING_BY_TYPE_1_INSULIN_LIKE_GROWTH_FACTOR_1_RECEPTOR_IGF1R	7/268	54/11763	0.000208915714083386	0.00152403261928456	0.000969824556858127	FGF1/FGF2/IGF1/IGF1R/IGF2/KL/TLR9	7
REACTOME_INTERFERON_SIGNALING	REACTOME_INTERFERON_SIGNALING	14/268	202/11763	0.000216111518098643	0.00156526485251445	0.00099606286161254	HLA-A/HLA-B/HLA-C/HLA-DPA1/HLA-DPB1/HLA-DQA1/HLA-DQB1/HLA-DRB1/HLA-DRB4/HLA-G/ICAM1/IFNG/IFNGR1/IFNGR2	14
BIOCARTA_BLYMPHOCYTE_PATHWAY	BIOCARTA_BLYMPHOCYTE_PATHWAY	4/268	14/11763	0.000220239738922864	0.00157269785399848	0.00100079288331887	FCGR2B/HLA-DRB1/HLA-DRB4/ICAM1	4
BIOCARTA_HSP27_PATHWAY	BIOCARTA_HSP27_PATHWAY	4/268	14/11763	0.000220239738922864	0.00157269785399848	0.00100079288331887	FAS/FASLG/IL1A/TNF	4
REACTOME_PLATELET_AGGREGATION_PLUG_FORMATION	REACTOME_PLATELET_AGGREGATION_PLUG_FORMATION	6/268	39/11763	0.000229351912041273	0.00162631355811084	0.00103491146176887	COL1A1/F2/FGB/FN1/ITGB3/VWF	6
REACTOME_NEUTROPHIL_DEGRANULATION	REACTOME_NEUTROPHIL_DEGRANULATION	24/268	478/11763	0.000240686146246283	0.00169483161315091	0.00107851321380827	C3/CD14/CD55/CXCR2/CYBA/GSTP1/HLA-A/HLA-B/HLA-C/HSPA1B/MIF/MMP8/MMP9/MPO/NFKB1/OLR1/PECAM1/PPIA/PRCP/PTX3/SERPINA1/TIMP2/TLR2/VAMP8	24
REACTOME_COSTIMULATION_BY_THE_CD28_FAMILY	REACTOME_COSTIMULATION_BY_THE_CD28_FAMILY	8/268	73/11763	0.000244128339756437	0.0017072147345726	0.00108639326512302	CD28/CTLA4/HLA-DPA1/HLA-DPB1/HLA-DQA1/HLA-DRB1/HLA-DRB4/ICOS	8
PID_RXR_VDR_PATHWAY	PID_RXR_VDR_PATHWAY	5/268	26/11763	0.000262716132391363	0.00179996052868137	0.00114541244065367	NR1H2/PPARG/TGFB1/TNF/VDR	5
PID_VEGFR1_PATHWAY	PID_VEGFR1_PATHWAY	5/268	26/11763	0.000262716132391363	0.00179996052868137	0.00114541244065367	FLT1/HIF1A/NOS3/PGF/VEGFA	5
REACTOME_PHOSPHORYLATION_OF_CD3_AND_TCR_ZETA_CHAINS	REACTOME_PHOSPHORYLATION_OF_CD3_AND_TCR_ZETA_CHAINS	5/268	26/11763	0.000262716132391363	0.00179996052868137	0.00114541244065367	HLA-DPA1/HLA-DPB1/HLA-DQA1/HLA-DRB1/HLA-DRB4	5
REACTOME_INTERLEUKIN_12_FAMILY_SIGNALING	REACTOME_INTERLEUKIN_12_FAMILY_SIGNALING	7/268	57/11763	0.000294281433416637	0.00192968074754723	0.00122796044663807	IFNG/IL10/IL12RB1/IL27/MIF/PPIA/SOD2	7
BIOCARTA_HIF_PATHWAY	BIOCARTA_HIF_PATHWAY	4/268	15/11763	0.000294970922948541	0.00192968074754723	0.00122796044663807	EDN1/HIF1A/NOS3/VEGFA	4
BIOCARTA_LONGEVITY_PATHWAY	BIOCARTA_LONGEVITY_PATHWAY	4/268	15/11763	0.000294970922948541	0.00192968074754723	0.00122796044663807	IGF1/IGF1R/SOD2/SOD3	4
BIOCARTA_NO2IL12_PATHWAY	BIOCARTA_NO2IL12_PATHWAY	4/268	15/11763	0.000294970922948541	0.00192968074754723	0.00122796044663807	CCR5/IFNG/IL12RB1/NOS2	4
BIOCARTA_RELA_PATHWAY	BIOCARTA_RELA_PATHWAY	4/268	15/11763	0.000294970922948541	0.00192968074754723	0.00122796044663807	CREBBP/IKBKG/NFKB1/TNF	4
REACTOME_GRB2:SOS_PROVIDES_LINKAGE_TO_MAPK_SIGNALING_FOR_INTEGRINS	REACTOME_GRB2:SOS_PROVIDES_LINKAGE_TO_MAPK_SIGNALING_FOR_INTEGRINS	4/268	15/11763	0.000294970922948541	0.00192968074754723	0.00122796044663807	FGB/FN1/ITGB3/VWF	4
REACTOME_P130CAS_LINKAGE_TO_MAPK_SIGNALING_FOR_INTEGRINS	REACTOME_P130CAS_LINKAGE_TO_MAPK_SIGNALING_FOR_INTEGRINS	4/268	15/11763	0.000294970922948541	0.00192968074754723	0.00122796044663807	FGB/FN1/ITGB3/VWF	4
REACTOME_PD_1_SIGNALING	REACTOME_PD_1_SIGNALING	5/268	27/11763	0.000316476648760018	0.00205709821694012	0.00130904308832585	HLA-DPA1/HLA-DPB1/HLA-DQA1/HLA-DRB1/HLA-DRB4	5
REACTOME_OTHER_INTERLEUKIN_SIGNALING	REACTOME_OTHER_INTERLEUKIN_SIGNALING	17/268	288/11763	0.000322868133816187	0.00208527571776824	0.00132697395929817	ANGPT1/EGF/FGB/FGF1/FGF2/FN1/HBEGF/IL2/IL3/IL5/IL5RA/ITGB3/KL/PDGFB/TGFA/TLR9/VWF	17
REACTOME_IMMUNOREGULATORY_INTERACTIONS_BETWEEN_A_LYMPHOID_AND_A_NON_LYMPHOID_CELL	REACTOME_IMMUNOREGULATORY_INTERACTIONS_BETWEEN_A_LYMPHOID_AND_A_NON_LYMPHOID_CELL	13/268	186/11763	0.000333411165230278	0.002139740009769	0.00136163254021426	C3/COL1A1/FCGR2B/HLA-A/HLA-B/HLA-C/HLA-G/ICAM1/KIR2DL1/KIR2DL3/KIR2DL4/KIR3DL1/KIR3DL2	13
PID_TCPTP_PATHWAY	PID_TCPTP_PATHWAY	6/268	42/11763	0.000348280036967928	0.00222110665085207	0.00141341054393472	CREBBP/EGF/INSR/KDR/PDGFB/VEGFA	6
BIOCARTA_NO1_PATHWAY	BIOCARTA_NO1_PATHWAY	5/268	28/11763	0.00037817254142782	0.00239666848129881	0.00152513005194246	FLT1/FLT4/KDR/NOS3/VEGFA	5
REACTOME_CASPASE_ACTIVATION_VIA_DEATH_RECEPTORS_IN_THE_PRESENCE_OF_LIGAND	REACTOME_CASPASE_ACTIVATION_VIA_DEATH_RECEPTORS_IN_THE_PRESENCE_OF_LIGAND	4/268	16/11763	0.000386285712418119	0.00243288020119238	0.00154817353195362	CD14/FAS/FASLG/TLR4	4
REACTOME_METABOLISM_OF_VITAMINS_AND_COFACTORS	REACTOME_METABOLISM_OF_VITAMINS_AND_COFACTORS	13/268	189/11763	0.000389117816108324	0.00243558929341877	0.00154989747416766	AKR1C3/APOA1/APOB/APOE/ENPP1/LPL/MTHFR/MTR/MTRR/NAMPT/NOS3/PTGS2/RNLS	13
REACTOME_ASSEMBLY_OF_COLLAGEN_FIBRILS_AND_OTHER_MULTIMERIC_STRUCTURES	REACTOME_ASSEMBLY_OF_COLLAGEN_FIBRILS_AND_OTHER_MULTIMERIC_STRUCTURES	7/268	61/11763	0.000449450620399922	0.00279596889009522	0.00177922654378529	COL1A1/COL4A1/COL4A2/COL5A1/MMP3/MMP7/MMP9	7
REACTOME_ESR_MEDIATED_SIGNALING	REACTOME_ESR_MEDIATED_SIGNALING	14/268	219/11763	0.000492697768864398	0.00301253552995948	0.00191703963444946	CREBBP/CXCL12/EGF/ESR1/ESR2/GNB3/HBEGF/IGF1R/MMP2/MMP3/MMP7/MMP9/NOS3/TGFA	14
BIOCARTA_GCR_PATHWAY	BIOCARTA_GCR_PATHWAY	4/268	17/11763	0.000496147370318771	0.00301253552995948	0.00191703963444946	CORIN/NFKB1/NOS3/NPPA	4
BIOCARTA_PML_PATHWAY	BIOCARTA_PML_PATHWAY	4/268	17/11763	0.000496147370318771	0.00301253552995948	0.00191703963444946	CREBBP/FAS/FASLG/TNF	4
REACTOME_TNF_RECEPTOR_SUPERFAMILY_TNFSF_MEMBERS_MEDIATING_NON_CANONICAL_NF_KB_PATHWAY	REACTOME_TNF_RECEPTOR_SUPERFAMILY_TNFSF_MEMBERS_MEDIATING_NON_CANONICAL_NF_KB_PATHWAY	4/268	17/11763	0.000496147370318771	0.00301253552995948	0.00191703963444946	LTA/TNFRSF11A/TNFSF11/TNFSF13B	4
PID_IL2_STAT5_PATHWAY	PID_IL2_STAT5_PATHWAY	5/268	30/11763	0.000528332303276794	0.00318886283049208	0.00202924625256062	FASLG/FOXP3/IL2/IL4/LTA	5
REACTOME_DISEASES_OF_SIGNAL_TRANSDUCTION	REACTOME_DISEASES_OF_SIGNAL_TRANSDUCTION	20/268	386/11763	0.000537249068932747	0.00322349441359648	0.00205128420589084	CD28/CREBBP/EGF/ESR1/ESR2/FGB/FGF1/FGF2/FN1/HBEGF/ICOS/ITGB3/KL/MDM2/PDGFB/TGFA/TGFB1/TGFBR1/TGFBR2/VWF	20
BIOCARTA_41BB_PATHWAY	BIOCARTA_41BB_PATHWAY	4/268	18/11763	0.000626552471461166	0.0037153462342785	0.00236427617732038	IFNG/IL2/IL4/NFKB1	4
REACTOME_METABOLISM_OF_ANGIOTENSINOGEN_TO_ANGIOTENSINS	REACTOME_METABOLISM_OF_ANGIOTENSINOGEN_TO_ANGIOTENSINS	4/268	18/11763	0.000626552471461166	0.0037153462342785	0.00236427617732038	ACE/AGT/CPB2/REN	4
KEGG_SMALL_CELL_LUNG_CANCER	KEGG_SMALL_CELL_LUNG_CANCER	8/268	84/11763	0.000638445757964451	0.00374210403801129	0.00238130361808463	COL4A1/COL4A2/FN1/IKBKG/LAMC1/NFKB1/NOS2/PTGS2	8
REACTOME_TRANSCRIPTIONAL_REGULATION_OF_WHITE_ADIPOCYTE_DIFFERENTIATION	REACTOME_TRANSCRIPTIONAL_REGULATION_OF_WHITE_ADIPOCYTE_DIFFERENTIATION	8/268	84/11763	0.000638445757964451	0.00374210403801129	0.00238130361808463	ADIPOQ/CREBBP/LEP/LPL/NFKB1/PPARG/TGFB1/TNF	8
REACTOME_SIGNALING_BY_VEGF	REACTOME_SIGNALING_BY_VEGF	9/268	105/11763	0.000645172977529983	0.00375602113675957	0.00239015982231248	CYBA/FLT1/FLT4/ITGB3/KDR/NOS3/PGF/VEGFA/VEGFC	9
REACTOME_INTERLEUKIN_12_SIGNALING	REACTOME_INTERLEUKIN_12_SIGNALING	6/268	47/11763	0.00064822849993385	0.00375602113675957	0.00239015982231248	IFNG/IL10/IL12RB1/MIF/PPIA/SOD2	6
REACTOME_NUCLEAR_SIGNALING_BY_ERBB4	REACTOME_NUCLEAR_SIGNALING_BY_ERBB4	5/268	32/11763	0.000719363262400958	0.00414451334133279	0.00263737846801308	APOE/CXCL12/ESR1/HBEGF/SPARC	5
PID_AJDISS_2PATHWAY	PID_AJDISS_2PATHWAY	6/268	48/11763	0.000726893801753042	0.00416423906766997	0.00264993101679819	CREBBP/EGF/IGF1R/IGF2/MMP3/MMP7	6
BIOCARTA_TGFB_PATHWAY	BIOCARTA_TGFB_PATHWAY	4/268	19/11763	0.000779521152556015	0.00441583490889273	0.00281003508683821	CREBBP/TGFB1/TGFBR1/TGFBR2	4
REACTOME_BIOSYNTHESIS_OF_SPECIALIZED_PRORESOLVING_MEDIATORS_SPMS	REACTOME_BIOSYNTHESIS_OF_SPECIALIZED_PRORESOLVING_MEDIATORS_SPMS	4/268	19/11763	0.000779521152556015	0.00441583490889273	0.00281003508683821	CYP2D6/EPHX2/GPX4/PTGS2	4
KEGG_ADIPOCYTOKINE_SIGNALING_PATHWAY	KEGG_ADIPOCYTOKINE_SIGNALING_PATHWAY	7/268	67/11763	0.000797904779143965	0.00449486358917767	0.00286032531938743	ADIPOQ/IKBKG/LEP/LEPR/NFKB1/NPY/TNF	7
REACTOME_PLASMA_LIPOPROTEIN_CLEARANCE	REACTOME_PLASMA_LIPOPROTEIN_CLEARANCE	5/268	33/11763	0.000832231189769017	0.00466233384765626	0.00296689572159586	APOA1/APOB/APOE/LIPC/NR1H2	5
REACTOME_PHASE_II_CONJUGATION_OF_COMPOUNDS	REACTOME_PHASE_II_CONJUGATION_OF_COMPOUNDS	9/268	109/11763	0.000845961180301409	0.00471321229025071	0.00299927243218487	COMT/GSTM1/GSTP1/GSTT1/GSTZ1/MTR/MTRR/SULT1A1/SULT1A2	9
KEGG_PPAR_SIGNALING_PATHWAY	KEGG_PPAR_SIGNALING_PATHWAY	7/268	69/11763	0.000952437385606784	0.00527438735973058	0.00335637854408268	ACOX2/ADIPOQ/APOA1/LPL/MMP1/OLR1/PPARG	7
BIOCARTA_AMI_PATHWAY	BIOCARTA_AMI_PATHWAY	4/268	20/11763	0.000957088041607916	0.00527438735973058	0.00335637854408268	COL4A1/COL4A2/F2/FGB	4
REACTOME_SIGNALING_BY_NUCLEAR_RECEPTORS	REACTOME_SIGNALING_BY_NUCLEAR_RECEPTORS	15/268	262/11763	0.000984464193310383	0.00539592806495529	0.00343372148221488	AKR1C3/CREBBP/CXCL12/EGF/ESR1/ESR2/GNB3/HBEGF/IGF1R/MMP2/MMP3/MMP7/MMP9/NOS3/TGFA	15
PID_ARF6_PATHWAY	PID_ARF6_PATHWAY	5/268	35/11763	0.00109689376128229	0.00597984018247444	0.00380529641010779	AGTR1/EGF/ITGB3/LHCGR/TSHR	5
BIOCARTA_PPARA_PATHWAY	BIOCARTA_PPARA_PATHWAY	6/268	52/11763	0.00111778139411283	0.00602888475335323	0.00383650612872992	APOA1/CREBBP/LPL/NOS2/PTGS2/TNF	6
PID_PTP1B_PATHWAY	PID_PTP1B_PATHWAY	6/268	52/11763	0.00111778139411283	0.00602888475335323	0.00383650612872992	EGF/INSR/ITGB3/LEP/LEPR/PDGFB	6
KEGG_MELANOMA	KEGG_MELANOMA	7/268	71/11763	0.00112961955336215	0.00606049855613343	0.00385662370487884	EGF/FGF1/FGF2/IGF1/IGF1R/MDM2/PDGFB	7
BIOCARTA_P53HYPOXIA_PATHWAY	BIOCARTA_P53HYPOXIA_PATHWAY	4/268	21/11763	0.00116129383323615	0.00619764182579713	0.00394389540040864	ABCB1/HIF1A/MDM2/NQO1	4
BIOCARTA_NPP1_PATHWAY	BIOCARTA_NPP1_PATHWAY	3/268	10/11763	0.00124628686879383	0.00653573874964725	0.0041590447976059	COL4A1/COL4A2/ENPP1	3
REACTOME_CHYLOMICRON_ASSEMBLY	REACTOME_CHYLOMICRON_ASSEMBLY	3/268	10/11763	0.00124628686879383	0.00653573874964725	0.0041590447976059	APOA1/APOB/APOE	3
REACTOME_HDL_REMODELING	REACTOME_HDL_REMODELING	3/268	10/11763	0.00124628686879383	0.00653573874964725	0.0041590447976059	APOA1/APOE/CETP	3
REACTOME_METABOLIC_DISORDERS_OF_BIOLOGICAL_OXIDATION_ENZYMES	REACTOME_METABOLIC_DISORDERS_OF_BIOLOGICAL_OXIDATION_ENZYMES	5/268	36/11763	0.00125042733474514	0.00653573874964725	0.0041590447976059	CYP11B2/CYP17A1/CYP19A1/CYP27B1/TBXAS1	5
REACTOME_COMMON_PATHWAY_OF_FIBRIN_CLOT_FORMATION	REACTOME_COMMON_PATHWAY_OF_FIBRIN_CLOT_FORMATION	4/268	22/11763	0.00139417747790432	0.00721273450303561	0.00458985388805235	F2/F5/FGB/THBD	4
REACTOME_INTRINSIC_PATHWAY_OF_FIBRIN_CLOT_FORMATION	REACTOME_INTRINSIC_PATHWAY_OF_FIBRIN_CLOT_FORMATION	4/268	22/11763	0.00139417747790432	0.00721273450303561	0.00458985388805235	F11/F2/PRCP/VWF	4
BIOCARTA_ALK_PATHWAY	BIOCARTA_ALK_PATHWAY	5/268	37/11763	0.00141927891630481	0.0072319036237843	0.00460205223853397	NPPA/NPPB/TGFB1/TGFBR1/TGFBR2	5
REACTOME_DETOXIFICATION_OF_REACTIVE_OXYGEN_SPECIES	REACTOME_DETOXIFICATION_OF_REACTIVE_OXYGEN_SPECIES	5/268	37/11763	0.00141927891630481	0.0072319036237843	0.00460205223853397	CYBA/GSTP1/SOD2/SOD3/TXNRD2	5
REACTOME_GENERATION_OF_SECOND_MESSENGER_MOLECULES	REACTOME_GENERATION_OF_SECOND_MESSENGER_MOLECULES	5/268	37/11763	0.00141927891630481	0.0072319036237843	0.00460205223853397	HLA-DPA1/HLA-DPB1/HLA-DQA1/HLA-DRB1/HLA-DRB4	5
KEGG_STEROID_HORMONE_BIOSYNTHESIS	KEGG_STEROID_HORMONE_BIOSYNTHESIS	6/268	55/11763	0.00150372599157041	0.00762389077726198	0.00485149490964559	AKR1C3/COMT/CYP11B2/CYP17A1/CYP19A1/HSD17B3	6
REACTOME_INTRACELLULAR_SIGNALING_BY_SECOND_MESSENGERS	REACTOME_INTRACELLULAR_SIGNALING_BY_SECOND_MESSENGERS	16/268	302/11763	0.00152230888677295	0.00767970751834713	0.00488701412721561	CD28/EGF/ESR1/ESR2/FGF1/FGF2/HBEGF/ICOS/IL1RL1/INSR/KL/MDM2/PDE1C/PDGFB/PPARG/TGFA	16
REACTOME_GENE_AND_PROTEIN_EXPRESSION_BY_JAK_STAT_SIGNALING_AFTER_INTERLEUKIN_12_STIMULATION	REACTOME_GENE_AND_PROTEIN_EXPRESSION_BY_JAK_STAT_SIGNALING_AFTER_INTERLEUKIN_12_STIMULATION	5/268	38/11763	0.00160435117256643	0.00805352519298197	0.00512489457416999	IFNG/IL10/MIF/PPIA/SOD2	5
PID_NFKAPPAB_CANONICAL_PATHWAY	PID_NFKAPPAB_CANONICAL_PATHWAY	4/268	23/11763	0.00165776895436263	0.0082535900662617	0.0052522066963754	IKBKG/NFKB1/NOD2/TNF	4
BIOCARTA_EPONFKB_PATHWAY	BIOCARTA_EPONFKB_PATHWAY	3/268	11/11763	0.00168490448098242	0.0082535900662617	0.0052522066963754	HIF1A/NFKB1/SOD2	3
BIOCARTA_MONOCYTE_PATHWAY	BIOCARTA_MONOCYTE_PATHWAY	3/268	11/11763	0.00168490448098242	0.0082535900662617	0.0052522066963754	ICAM1/PECAM1/SELP	3
REACTOME_REGULATION_OF_GENE_EXPRESSION_BY_HYPOXIA_INDUCIBLE_FACTOR	REACTOME_REGULATION_OF_GENE_EXPRESSION_BY_HYPOXIA_INDUCIBLE_FACTOR	3/268	11/11763	0.00168490448098242	0.0082535900662617	0.0052522066963754	CREBBP/HIF1A/VEGFA	3
REACTOME_REGULATION_OF_SIGNALING_BY_NODAL	REACTOME_REGULATION_OF_SIGNALING_BY_NODAL	3/268	11/11763	0.00168490448098242	0.0082535900662617	0.0052522066963754	ACVR2A/ACVR2B/NODAL	3
BIOCARTA_CTCF_PATHWAY	BIOCARTA_CTCF_PATHWAY	4/268	24/11763	0.00195408259587976	0.00952615265491381	0.00606200724329094	MDM2/TGFB1/TGFBR1/TGFBR2	4
REACTOME_SIGNALING_BY_ERBB4	REACTOME_SIGNALING_BY_ERBB4	6/268	58/11763	0.0019836378261378	0.00957813693192253	0.006095087656253	APOE/CXCL12/EGF/ESR1/HBEGF/SPARC	6
REACTOME_SIGNALING_BY_PDGF	REACTOME_SIGNALING_BY_PDGF	6/268	58/11763	0.0019836378261378	0.00957813693192253	0.006095087656253	COL4A1/COL4A2/COL5A1/PDGFB/THBS1/THBS4	6
PID_FOXM1_PATHWAY	PID_FOXM1_PATHWAY	5/268	40/11763	0.00202681754587313	0.00974025114462253	0.00619824971623961	CREBBP/ESR1/MMP2/TGFA/XRCC1	5
PID_ATF2_PATHWAY	PID_ATF2_PATHWAY	6/268	59/11763	0.00216684445261321	0.010315400351877	0.00656424832938916	ESR1/IFNG/IL6/MMP2/NOS2/TH	6
REACTOME_ARACHIDONIC_ACID_METABOLISM	REACTOME_ARACHIDONIC_ACID_METABOLISM	6/268	59/11763	0.00216684445261321	0.010315400351877	0.00656424832938916	AKR1C3/EPHX2/GPX4/PON1/PTGS2/TBXAS1	6
PID_INTEGRIN_A9B1_PATHWAY	PID_INTEGRIN_A9B1_PATHWAY	4/268	25/11763	0.00228511094206733	0.0107772209081687	0.00685812977961946	FN1/NOS2/VEGFA/VEGFC	4
PID_LYMPH_ANGIOGENESIS_PATHWAY	PID_LYMPH_ANGIOGENESIS_PATHWAY	4/268	25/11763	0.00228511094206733	0.0107772209081687	0.00685812977961946	COL1A1/FLT4/FN1/VEGFC	4
REACTOME_CASPASE_ACTIVATION_VIA_EXTRINSIC_APOPTOTIC_SIGNALLING_PATHWAY	REACTOME_CASPASE_ACTIVATION_VIA_EXTRINSIC_APOPTOTIC_SIGNALLING_PATHWAY	4/268	26/11763	0.00265281908928115	0.0124535118357921	0.00792484455033793	CD14/FAS/FASLG/TLR4	4
KEGG_HYPERTROPHIC_CARDIOMYOPATHY_HCM	KEGG_HYPERTROPHIC_CARDIOMYOPATHY_HCM	7/268	83/11763	0.00280002261171403	0.0130839766280094	0.00832604346825469	ACE/IGF1/IL6/ITGB3/TGFB1/TNF/TTN	7
REACTOME_SIGNALING_BY_ACTIVIN	REACTOME_SIGNALING_BY_ACTIVIN	3/268	13/11763	0.00282352369911006	0.0131332707839339	0.00835741201136874	ACVR2A/ACVR2B/INHBB	3
REACTOME_INTEGRIN_SIGNALING	REACTOME_INTEGRIN_SIGNALING	4/268	27/11763	0.0030591395137196	0.0140998521223258	0.00897250010483308	FGB/FN1/ITGB3/VWF	4
REACTOME_INTERLEUKIN_RECEPTOR_SHC_SIGNALING	REACTOME_INTERLEUKIN_RECEPTOR_SHC_SIGNALING	4/268	27/11763	0.0030591395137196	0.0140998521223258	0.00897250010483308	IL2/IL3/IL5/IL5RA	4
PID_HNF3A_PATHWAY	PID_HNF3A_PATHWAY	5/268	44/11763	0.00310703648433281	0.014255814457527	0.00907174739174095	APOB/AR/CREBBP/ESR1/SERPINA1	5
REACTOME_TNFS_BIND_THEIR_PHYSIOLOGICAL_RECEPTORS	REACTOME_TNFS_BIND_THEIR_PHYSIOLOGICAL_RECEPTORS	4/268	28/11763	0.0035059673424349	0.0157742672165838	0.0100380211811127	LTA/TNFRSF11B/TNFSF11/TNFSF13B	4
BIOCARTA_LYM_PATHWAY	BIOCARTA_LYM_PATHWAY	3/268	14/11763	0.00353351023370658	0.0157742672165838	0.0100380211811127	ICAM1/IL1A/PECAM1	3
BIOCARTA_RANKL_PATHWAY	BIOCARTA_RANKL_PATHWAY	3/268	14/11763	0.00353351023370658	0.0157742672165838	0.0100380211811127	NFKB1/TNFRSF11A/TNFSF11	3
REACTOME_METHYLATION	REACTOME_METHYLATION	3/268	14/11763	0.00353351023370658	0.0157742672165838	0.0100380211811127	COMT/MTR/MTRR	3
REACTOME_REGULATION_OF_IFNG_SIGNALING	REACTOME_REGULATION_OF_IFNG_SIGNALING	3/268	14/11763	0.00353351023370658	0.0157742672165838	0.0100380211811127	IFNG/IFNGR1/IFNGR2	3
REACTOME_SHC1_EVENTS_IN_EGFR_SIGNALING	REACTOME_SHC1_EVENTS_IN_EGFR_SIGNALING	3/268	14/11763	0.00353351023370658	0.0157742672165838	0.0100380211811127	EGF/HBEGF/TGFA	3
KEGG_GLIOMA	KEGG_GLIOMA	6/268	65/11763	0.0035468766522496	0.0157742672165838	0.0100380211811127	EGF/IGF1/IGF1R/MDM2/PDGFB/TGFA	6
BIOCARTA_KERATINOCYTE_PATHWAY	BIOCARTA_KERATINOCYTE_PATHWAY	5/268	46/11763	0.00377977064027639	0.0167366263285601	0.0106504224430679	EGF/FAS/FASLG/NFKB1/TNF	5
KEGG_NEUROACTIVE_LIGAND_RECEPTOR_INTERACTION	KEGG_NEUROACTIVE_LIGAND_RECEPTOR_INTERACTION	14/268	272/11763	0.00382772008523935	0.0168752528975335	0.010738638042342	ADRB3/AGTR1/AGTR2/CNR1/DRD1/F2/FSHR/GNRHR/LEP/LEPR/LHCGR/OXTR/PTGER2/TSHR	14
PID_S1P_S1P3_PATHWAY	PID_S1P_S1P3_PATHWAY	4/268	29/11763	0.00399515604852577	0.0175371784987235	0.0111598571781558	FLT1/ITGB3/PDGFB/VEGFA	4
PID_P53_DOWNSTREAM_PATHWAY	PID_P53_DOWNSTREAM_PATHWAY	9/268	137/11763	0.00410190063240333	0.0179281346605904	0.0114086437734267	CREBBP/DROSHA/FAS/MDM2/MMP2/SERPINE1/TAP1/TGFA/VDR	9
PID_TELOMERASE_PATHWAY	PID_TELOMERASE_PATHWAY	6/268	67/11763	0.00412683085589773	0.0179596844973403	0.0114287206445237	EGF/ESR1/IFNG/IL2/NFKB1/TGFB1	6
PID_IL6_7_PATHWAY	PID_IL6_7_PATHWAY	5/268	47/11763	0.00415257327603144	0.0179944841961363	0.0114508655789801	CRP/IL6/IL6R/TIMP1/TNFSF11	5
BIOCARTA_IL17_PATHWAY	BIOCARTA_IL17_PATHWAY	3/268	15/11763	0.00434314506139608	0.0184265652395633	0.0117258221653195	IL17A/IL3/IL6	3
PID_ERBB_NETWORK_PATHWAY	PID_ERBB_NETWORK_PATHWAY	3/268	15/11763	0.00434314506139608	0.0184265652395633	0.0117258221653195	EGF/HBEGF/TGFA	3
REACTOME_ANCHORING_FIBRIL_FORMATION	REACTOME_ANCHORING_FIBRIL_FORMATION	3/268	15/11763	0.00434314506139608	0.0184265652395633	0.0117258221653195	COL1A1/COL4A1/COL4A2	3
REACTOME_SYNTHESIS_OF_PROSTAGLANDINS_PG_AND_THROMBOXANES_TX	REACTOME_SYNTHESIS_OF_PROSTAGLANDINS_PG_AND_THROMBOXANES_TX	3/268	15/11763	0.00434314506139608	0.0184265652395633	0.0117258221653195	AKR1C3/PTGS2/TBXAS1	3
REACTOME_TFAP2_AP_2_FAMILY_REGULATES_TRANSCRIPTION_OF_GROWTH_FACTORS_AND_THEIR_RECEPTORS	REACTOME_TFAP2_AP_2_FAMILY_REGULATES_TRANSCRIPTION_OF_GROWTH_FACTORS_AND_THEIR_RECEPTORS	3/268	15/11763	0.00434314506139608	0.0184265652395633	0.0117258221653195	ESR1/TGFA/VEGFA	3
REACTOME_COLLAGEN_FORMATION	REACTOME_COLLAGEN_FORMATION	7/268	90/11763	0.00440610645036506	0.0186157997527924	0.0118462423424289	COL1A1/COL4A1/COL4A2/COL5A1/MMP3/MMP7/MMP9	7
REACTOME_COMPLEMENT_CASCADE	REACTOME_COMPLEMENT_CASCADE	8/268	114/11763	0.00449574982911738	0.0188967602364772	0.0120250327260049	C3/CD55/CFI/CLU/CPB2/CRP/F2/MBL2	8
REACTOME_INTERLEUKIN_1_FAMILY_SIGNALING	REACTOME_INTERLEUKIN_1_FAMILY_SIGNALING	9/268	139/11763	0.00451181487893155	0.0188967602364772	0.0120250327260049	IKBKG/IL1A/IL1B/IL1R1/IL1RL1/IL1RN/IL4/NFKB1/NOD2	9
REACTOME_MET_ACTIVATES_PTK2_SIGNALING	REACTOME_MET_ACTIVATES_PTK2_SIGNALING	4/268	30/11763	0.00452851354779484	0.0188967602364772	0.0120250327260049	COL1A1/COL5A1/FN1/LAMC1	4
REACTOME_METABOLISM_OF_FAT_SOLUBLE_VITAMINS	REACTOME_METABOLISM_OF_FAT_SOLUBLE_VITAMINS	5/268	48/11763	0.00455090809862196	0.0189123803770601	0.0120349726680555	AKR1C3/APOA1/APOB/APOE/LPL	5
PID_AVB3_OPN_PATHWAY	PID_AVB3_OPN_PATHWAY	4/268	31/11763	0.00510779867512962	0.0211222717845081	0.013441246344756	ITGB3/MMP2/MMP9/NFKB1	4
KEGG_METABOLISM_OF_XENOBIOTICS_BY_CYTOCHROME_P450	KEGG_METABOLISM_OF_XENOBIOTICS_BY_CYTOCHROME_P450	6/268	70/11763	0.0051243381252357	0.0211222717845081	0.013441246344756	AKR1C3/EPHX1/GSTM1/GSTP1/GSTT1/GSTZ1	6
REACTOME_FGFR1_LIGAND_BINDING_AND_ACTIVATION	REACTOME_FGFR1_LIGAND_BINDING_AND_ACTIVATION	3/268	16/11763	0.00525626644962176	0.0214913474996632	0.0136761092258835	FGF1/FGF2/KL	3
REACTOME_TGF_BETA_RECEPTOR_SIGNALING_IN_EMT_EPITHELIAL_TO_MESENCHYMAL_TRANSITION	REACTOME_TGF_BETA_RECEPTOR_SIGNALING_IN_EMT_EPITHELIAL_TO_MESENCHYMAL_TRANSITION	3/268	16/11763	0.00525626644962176	0.0214913474996632	0.0136761092258835	TGFB1/TGFBR1/TGFBR2	3
KEGG_GLUTATHIONE_METABOLISM	KEGG_GLUTATHIONE_METABOLISM	5/268	50/11763	0.00542786538982928	0.0221038373706301	0.0140658697271839	GPX4/GSTM1/GSTP1/GSTT1/GSTZ1	5
BIOCARTA_CCR5_PATHWAY	BIOCARTA_CCR5_PATHWAY	3/268	17/11763	0.00627629196661527	0.0252027519582449	0.0160378770376872	CCL2/CCR5/CXCL12	3
REACTOME_GAB1_SIGNALOSOME	REACTOME_GAB1_SIGNALOSOME	3/268	17/11763	0.00627629196661527	0.0252027519582449	0.0160378770376872	EGF/HBEGF/TGFA	3
REACTOME_RIP_MEDIATED_NFKB_ACTIVATION_VIA_ZBP1	REACTOME_RIP_MEDIATED_NFKB_ACTIVATION_VIA_ZBP1	3/268	17/11763	0.00627629196661527	0.0252027519582449	0.0160378770376872	IKBKG/NFKB1/TLR3	3
KEGG_CHRONIC_MYELOID_LEUKEMIA	KEGG_CHRONIC_MYELOID_LEUKEMIA	6/268	73/11763	0.00628826059707687	0.0252027519582449	0.0160378770376872	IKBKG/MDM2/NFKB1/TGFB1/TGFBR1/TGFBR2	6
KEGG_MTOR_SIGNALING_PATHWAY	KEGG_MTOR_SIGNALING_PATHWAY	5/268	52/11763	0.0064179453944271	0.0256212465746027	0.0163041878441103	HIF1A/IGF1/PGF/VEGFA/VEGFC	5
REACTOME_TOLL_LIKE_RECEPTOR_TLR1:TLR2_CASCADE	REACTOME_TOLL_LIKE_RECEPTOR_TLR1:TLR2_CASCADE	7/268	97/11763	0.00662705678560393	0.0263522963945192	0.0167693944667707	CD14/IKBKG/NFKB1/NOD2/TLR1/TLR2/TLR4	7
REACTOME_BINDING_AND_UPTAKE_OF_LIGANDS_BY_SCAVENGER_RECEPTORS	REACTOME_BINDING_AND_UPTAKE_OF_LIGANDS_BY_SCAVENGER_RECEPTORS	7/268	98/11763	0.0070019076051444	0.0277341184047517	0.017648722705401	APOA1/APOB/APOE/COL1A1/COL4A1/COL4A2/SPARC	7
BIOCARTA_NUCLEARRS_PATHWAY	BIOCARTA_NUCLEARRS_PATHWAY	4/268	34/11763	0.00713800785616739	0.0280540308765649	0.0178523003501861	ABCB1/CYP27B1/PPARG/VDR	4
REACTOME_METABOLISM_OF_STEROID_HORMONES	REACTOME_METABOLISM_OF_STEROID_HORMONES	4/268	34/11763	0.00713800785616739	0.0280540308765649	0.0178523003501861	CYP11B2/CYP17A1/CYP19A1/HSD17B3	4
REACTOME_METABOLISM_OF_STEROIDS	REACTOME_METABOLISM_OF_STEROIDS	9/268	150/11763	0.0073673169712162	0.0287736675240044	0.0183102441526157	ACOX2/AKR1C3/CREBBP/CYP11B2/CYP17A1/CYP19A1/CYP27B1/HSD17B3/VDR	9
PID_ANTHRAX_PATHWAY	PID_ANTHRAX_PATHWAY	3/268	18/11763	0.00740623986564609	0.0287736675240044	0.0183102441526157	IL1B/NLRP1/TNF	3
REACTOME_CROSSLINKING_OF_COLLAGEN_FIBRILS	REACTOME_CROSSLINKING_OF_COLLAGEN_FIBRILS	3/268	18/11763	0.00740623986564609	0.0287736675240044	0.0183102441526157	COL1A1/COL4A1/COL4A2	3
REACTOME_INSULIN_RECEPTOR_SIGNALLING_CASCADE	REACTOME_INSULIN_RECEPTOR_SIGNALLING_CASCADE	5/268	54/11763	0.00752829499594235	0.029025441543291	0.0184704616070148	FGF1/FGF2/INSR/KL/TLR9	5
REACTOME_NUCLEOTIDE_BINDING_DOMAIN_LEUCINE_RICH_REPEAT_CONTAINING_RECEPTOR_NLR_SIGNALING_PATHWAYS	REACTOME_NUCLEOTIDE_BINDING_DOMAIN_LEUCINE_RICH_REPEAT_CONTAINING_RECEPTOR_NLR_SIGNALING_PATHWAYS	5/268	54/11763	0.00752829499594235	0.029025441543291	0.0184704616070148	IKBKG/NFKB1/NLRP1/NLRP3/NOD2	5
KEGG_PRIMARY_IMMUNODEFICIENCY	KEGG_PRIMARY_IMMUNODEFICIENCY	4/268	35/11763	0.00791750644905579	0.0301817727042954	0.0192062977968785	ICOS/IKBKG/TAP1/TAP2	4
KEGG_PRION_DISEASES	KEGG_PRION_DISEASES	4/268	35/11763	0.00791750644905579	0.0301817727042954	0.0192062977968785	IL1A/IL1B/IL6/LAMC1	4
PID_HIV_NEF_PATHWAY	PID_HIV_NEF_PATHWAY	4/268	35/11763	0.00791750644905579	0.0301817727042954	0.0192062977968785	FAS/FASLG/NFKB1/TNF	4
REACTOME_DOWNSTREAM_TCR_SIGNALING	REACTOME_DOWNSTREAM_TCR_SIGNALING	7/268	101/11763	0.00822102975005947	0.0312214388260685	0.0198678936991384	HLA-DPA1/HLA-DPB1/HLA-DQA1/HLA-DRB1/HLA-DRB4/IKBKG/NFKB1	7
BIOCARTA_IL12_PATHWAY	BIOCARTA_IL12_PATHWAY	3/268	19/11763	0.00864874962435046	0.0321663471329486	0.0204691900679928	CCR5/IFNG/IL12RB1	3
REACTOME_NICOTINAMIDE_SALVAGING	REACTOME_NICOTINAMIDE_SALVAGING	3/268	19/11763	0.00864874962435046	0.0321663471329486	0.0204691900679928	NAMPT/PTGS2/RNLS	3
REACTOME_PLASMA_LIPOPROTEIN_ASSEMBLY	REACTOME_PLASMA_LIPOPROTEIN_ASSEMBLY	3/268	19/11763	0.00864874962435046	0.0321663471329486	0.0204691900679928	APOA1/APOB/APOE	3
REACTOME_SYNTHESIS_SECRETION_AND_DEACYLATION_OF_GHRELIN	REACTOME_SYNTHESIS_SECRETION_AND_DEACYLATION_OF_GHRELIN	3/268	19/11763	0.00864874962435046	0.0321663471329486	0.0204691900679928	IGF1/LEP/PLA2G7	3
REACTOME_INTERLEUKIN_1_SIGNALING	REACTOME_INTERLEUKIN_1_SIGNALING	7/268	102/11763	0.00866017038194769	0.0321663471329486	0.0204691900679928	IKBKG/IL1A/IL1B/IL1R1/IL1RN/NFKB1/NOD2	7
REACTOME_SIGNALING_BY_TGF_BETA_FAMILY_MEMBERS	REACTOME_SIGNALING_BY_TGF_BETA_FAMILY_MEMBERS	7/268	102/11763	0.00866017038194769	0.0321663471329486	0.0204691900679928	ACVR2A/ACVR2B/INHBB/SERPINE1/TGFB1/TGFBR1/TGFBR2	7
REACTOME_GLUTATHIONE_CONJUGATION	REACTOME_GLUTATHIONE_CONJUGATION	4/268	36/11763	0.00875089133834463	0.0322050284824335	0.0204938051071647	GSTM1/GSTP1/GSTT1/GSTZ1	4
REACTOME_ROS_AND_RNS_PRODUCTION_IN_PHAGOCYTES	REACTOME_ROS_AND_RNS_PRODUCTION_IN_PHAGOCYTES	4/268	36/11763	0.00875089133834463	0.0322050284824335	0.0204938051071647	CYBA/MPO/NOS2/NOS3	4
BIOCARTA_HIVNEF_PATHWAY	BIOCARTA_HIVNEF_PATHWAY	5/268	56/11763	0.00876586574078072	0.0322050284824335	0.0204938051071647	FAS/FASLG/MDM2/NFKB1/TNF	5
REACTOME_DISEASES_OF_METABOLISM	REACTOME_DISEASES_OF_METABOLISM	7/268	104/11763	0.00958983072636092	0.0351050121174367	0.0223392218706412	CYP11B2/CYP17A1/CYP19A1/CYP27B1/MTR/MTRR/TBXAS1	7
REACTOME_INFLAMMASOMES	REACTOME_INFLAMMASOMES	3/268	20/11763	0.0100061016683639	0.0363662619774945	0.0231418235152124	NFKB1/NLRP1/NLRP3	3
REACTOME_SIGNALING_BY_NODAL	REACTOME_SIGNALING_BY_NODAL	3/268	20/11763	0.0100061016683639	0.0363662619774945	0.0231418235152124	ACVR2A/ACVR2B/NODAL	3
KEGG_ARACHIDONIC_ACID_METABOLISM	KEGG_ARACHIDONIC_ACID_METABOLISM	5/268	58/11763	0.010137377609007	0.0367117889126181	0.023361701031283	AKR1C3/EPHX2/GPX4/PTGS2/TBXAS1	5
NABA_CORE_MATRISOME	NABA_CORE_MATRISOME	13/268	275/11763	0.0103895667563281	0.0374911768360025	0.0238576678090621	ADIPOQ/COL1A1/COL4A1/COL4A2/COL5A1/FGB/FN1/GAS6/LAMC1/SPARC/THBS1/THBS4/VWF	13
REACTOME_G_ALPHA_Q_SIGNALLING_EVENTS	REACTOME_G_ALPHA_Q_SIGNALLING_EVENTS	11/268	217/11763	0.0109812369784394	0.0394857244543885	0.0251269065613414	AGT/AGTR1/EDN1/F2/GNB3/GNRHR/HBEGF/MMP3/OXTR/RGS2/UTS2	11
REACTOME_PI_3K_CASCADE:FGFR1	REACTOME_PI_3K_CASCADE:FGFR1	3/268	21/11763	0.0114802363075518	0.0408454723363422	0.0259921878357498	FGF1/FGF2/KL	3
REACTOME_SHC_MEDIATED_CASCADE:FGFR1	REACTOME_SHC_MEDIATED_CASCADE:FGFR1	3/268	21/11763	0.0114802363075518	0.0408454723363422	0.0259921878357498	FGF1/FGF2/KL	3
REACTOME_ZBP1_DAI_MEDIATED_INDUCTION_OF_TYPE_I_IFNS	REACTOME_ZBP1_DAI_MEDIATED_INDUCTION_OF_TYPE_I_IFNS	3/268	21/11763	0.0114802363075518	0.0408454723363422	0.0259921878357498	IKBKG/NFKB1/TLR3	3
PID_IFNG_PATHWAY	PID_IFNG_PATHWAY	4/268	40/11763	0.0126504979859518	0.0445402949922052	0.0283434037477648	CREBBP/IFNG/IFNGR1/IL1B	4
REACTOME_DAP12_INTERACTIONS	REACTOME_DAP12_INTERACTIONS	4/268	40/11763	0.0126504979859518	0.0445402949922052	0.0283434037477648	HLA-B/HLA-C/KIR2DS5/KLRC2	4
REACTOME_MAP2K_AND_MAPK_ACTIVATION	REACTOME_MAP2K_AND_MAPK_ACTIVATION	4/268	40/11763	0.0126504979859518	0.0445402949922052	0.0283434037477648	FGB/FN1/ITGB3/VWF	4
BIOCARTA_AKT_PATHWAY	BIOCARTA_AKT_PATHWAY	3/268	22/11763	0.013072771912233	0.0457096231689802	0.0290875106431899	FASLG/IKBKG/NFKB1	3
BIOCARTA_CSK_PATHWAY	BIOCARTA_CSK_PATHWAY	3/268	22/11763	0.013072771912233	0.0457096231689802	0.0290875106431899	CREBBP/HLA-DRB1/HLA-DRB4	3
REACTOME_PLATELET_HOMEOSTASIS	REACTOME_PLATELET_HOMEOSTASIS	6/268	86/11763	0.0136150298738804	0.0474420628595006	0.0301899559149526	APOB/ATP2B1/GNB3/NOS2/NOS3/PECAM1	6
REACTOME_MET_PROMOTES_CELL_MOTILITY	REACTOME_MET_PROMOTES_CELL_MOTILITY	4/268	41/11763	0.0137731398165215	0.0478286430614821	0.0304359578497753	COL1A1/COL5A1/FN1/LAMC1	4
