"RSID","REF","ALT","CHR","COORDINATE","PVAL","Mapped_gene","Reported_trait","Study_accession","Occurence_times_in_GwasCat"
"rs11112715","C","T","12",105756329,1e-08,"CASC18, ST13P3","Two-hour glucose in pregnancy (gestational week 30-32)","GCST007182",2
"rs11112715","C","T","12",105756329,1e-08,"CASC18, ST13P3","General glucose level in pregnancy (gestational week 30-32)","GCST007184",2
"rs11161721","A","C","1",86022231,1e-09,"COL24A1","Preterm birth (maternal effect) (maternal pre-pregnancy BMI interaction)","GCST004842",3
"rs11161721","A","C","1",86022231,1e-09,"COL24A1","Preterm birth (maternal effect) (maternal pre-pregnancy BMI interaction)","GCST004842",3
"rs11161721","A","C","1",86022231,1e-09,"COL24A1","Preterm birth (maternal effect) (maternal pre-pregnancy BMI interaction)","GCST004842",3
"rs1260326","C","T","2",27508073,1e-11,"GCKR","Glycemic traits (pregnancy)","GCST002110",2
"rs1260326","C","T","2",27508073,1e-13,"GCKR","Glycemic traits (pregnancy)","GCST002110",2
"rs149014416","GGG","GG","8",29812253,1e-08,"AC131254.1, LINC02099","Spontaneous preterm birth (maternal effect)","GCST004845",3
"rs149014416","GGG","GG","8",29812253,1e-08,"AC131254.1, LINC02099","Spontaneous preterm birth (maternal effect)","GCST004845",3
"rs1558001","C","T","7",81777764,1e-08,"CACNA2D1, HGF","Spontaneous preterm birth (maternal effect)","GCST004845",3
"rs1558001","C","T","7",81777764,1e-08,"CACNA2D1, HGF","Spontaneous preterm birth (maternal effect)","GCST004845",3
"rs201386833","TTTTTTT","TTTTTTTT","X",116033029,1e-11,"RN7SL712P, AKR1B1P8","Preterm birth (maternal effect)","GCST004898",2
"rs201386833","TTTTTTT","TTTTTTTT","X",116033029,1e-11,"RN7SL712P, AKR1B1P8","Preterm birth (maternal effect)","GCST004898",2
"rs201450565","TTTTTT","TTTTTTT","3",128339768,1e-12,"EEFSEC","Preterm birth (maternal effect)","GCST004898",2
"rs201450565","TTTTTT","TTTTTTT","3",128339768,1e-12,"EEFSEC","Preterm birth (maternal effect)","GCST004898",2
"rs2963463","T","C","5",158468041,1e-15,"AC091979.2, AC091939.1","Preterm birth (maternal effect)","GCST004898",3
"rs2963463","T","C","5",158468041,1e-15,"AC091979.2, AC091939.1","Preterm birth (maternal effect)","GCST004898",3
"rs2963463","T","C","5",158468041,1e-24,"AC091979.2, AC091939.1","Gestational age at birth (maternal effect)","GCST004899",3
"rs4841132","A","G","8",9326086,1e-15,"AC022784.1","Glycemic traits (pregnancy)","GCST002110",2
"rs4841132","A","G","8",9326086,1e-13,"AC022784.1","Glycemic traits (pregnancy)","GCST002110",2
"rs7217780","C","T","17",15287707,1e-08,"TEKT3, AC005703.2","Preterm birth (maternal effect)","GCST004898",2
"rs7217780","C","T","17",15287707,1e-08,"TEKT3, AC005703.2","Preterm birth (maternal effect)","GCST004898",2
"rs7936247","G","T","11",92956866,1e-16,"SNRPGP16, AP003171.1","Glycemic traits (pregnancy)","GCST002110",2
"rs7936247","G","T","11",92956866,1e-12,"SNRPGP16, AP003171.1","Glycemic traits (pregnancy)","GCST002110",2
